fixture,home_directfk_xG,home_corner_xG,home_op_xG,home_pen_xG,home_setpiece_xG,home_directfk_shots_ot,home_corner_shots_ot,home_op_shots_ot,home_pen_shots_ot,home_setpiece_shots_ot,home_directfk_shots,home_corner_shots,home_op_shots,home_pen_shots,home_setpiece_shots,home_directfk_goals,home_corner_goals,home_op_goals,home_pen_goals,home_setpiece_goals,away_directfk_xG,away_corner_xG,away_op_xG,away_pen_xG,away_setpiece_xG,away_directfk_shots_ot,away_corner_shots_ot,away_op_shots_ot,away_pen_shots_ot,away_setpiece_shots_ot,away_directfk_shots,away_corner_shots,away_op_shots,away_pen_shots,away_setpiece_shots,date,away_directfk_goals,away_corner_goals,away_op_goals,away_pen_goals,away_setpiece_goals,home_xG,away_xG,home_np_xG,away_np_xG,home_sp_xG,away_sp_xG,season,league
Bayern Munich -- Werder Bremen,0,0.257584799,3.525610201,0.757534027,0,0,1,12,1,0,0,6,20,1,0,0,0,5,1,0,0,0.034339398,0.112544904,0,0.038906898,0,0,1,0,1,0,1,2,0,1,26/08/2016 22:30,0,0,0,0,0,4.540729027,0.1857912,3.783195,0.1857912,0.257584799,0.073246296,2016,Bundesliga
Augsburg -- Wolfsburg,0.040283699,0.051895801,0.344732702,0,0.016458699,0,0,2,0,0,1,1,10,0,1,0,0,0,0,0,0.166435003,0.072108101,0.47255101,0,0,1,0,5,0,0,1,2,9,0,0,27/08/2016 17:30,1,0,1,0,0,0.453370901,0.711094114,0.453370901,0.711094114,0.108638199,0.238543104,2016,Bundesliga
Borussia Dortmund -- Mainz 05,0.063724503,0.410959601,0.538003201,0.757776976,0.0493764,0,1,6,1,0,1,2,11,1,2,0,1,0,1,0,0.0384886,0.0109524,0.993958405,0,0.035448801,0,0,4,0,0,1,1,9,0,1,27/08/2016 17:30,0,0,1,0,0,1.819840681,1.078848206,1.062063705,1.078848206,0.524060505,0.084889801,2016,Bundesliga
Eintracht Frankfurt -- Schalke 04,0,0.1397262,0.901591504,0.757776976,0.0677858,0,0,2,1,1,0,3,6,1,1,0,0,1,0,0,0,0.065408802,0.318200702,0,0.547305828,0,1,1,0,1,0,3,6,0,2,27/08/2016 17:30,0,0,0,0,0,1.866880479,0.930915331,1.109103504,0.930915331,0.207512,0.61271463,2016,Bundesliga
FC Cologne -- Darmstadt,0,0.0816896,3.000141336,0,0.050121401,0,1,6,0,1,0,2,18,0,1,0,0,2,0,0,0.116545498,0.081485599,0.1893338,0,0.171902899,1,0,1,0,1,2,2,4,0,4,27/08/2016 17:30,0,0,0,0,0,3.131952336,0.559267797,3.131952336,0.559267797,0.131811,0.369933996,2016,Bundesliga
Hamburger SV -- Ingolstadt,0,0.0116923,0.235406204,0,0.0626081,0,0,1,0,0,0,1,6,0,1,0,0,1,0,0,0.139486298,0.190349108,0.761239199,0,0.116364304,0,0,5,0,0,2,3,6,0,2,27/08/2016 17:30,0,0,1,0,0,0.309706605,1.207438909,0.309706605,1.207438909,0.074300401,0.44619971,2016,Bundesliga
Borussia M.Gladbach -- Bayer Leverkusen,0.114552703,0.069925601,1.263500184,0,0.472488001,1,1,6,0,1,2,2,7,0,2,0,0,1,0,1,0,0.205492403,0.89482592,0,0.0114672,0,1,5,0,0,0,3,8,0,1,27/08/2016 20:30,0,0,1,0,0,1.920466488,1.111785524,1.920466488,1.111785524,0.656966304,0.216959603,2016,Bundesliga
Hertha Berlin -- Freiburg,0.033737499,0.083698504,0.736147502,0,0.01956,0,0,4,0,1,1,1,12,0,1,0,0,2,0,0,0,0.104167998,0.256554998,0,0,0,1,1,0,0,0,1,7,0,0,28/08/2016 17:30,0,1,0,0,0,0.873143505,0.360722996,0.873143505,0.360722996,0.136996003,0.104167998,2016,Bundesliga
Hoffenheim -- RasenBallsport Leipzig,0.106440403,0.080617897,0.956982298,0,0.0122002,0,1,4,0,0,2,1,7,0,1,0,1,1,0,0,0,0.794204214,1.694612697,0,0.0188771,0,2,7,0,0,0,8,14,0,1,28/08/2016 19:30,0,0,2,0,0,1.156240798,2.507694011,1.156240798,2.507694011,0.1992585,0.813081314,2016,Bundesliga
Schalke 04 -- Bayern Munich,0,0.063605703,0.871989014,0,0.029613901,0,1,1,0,0,0,1,7,0,1,0,0,0,0,0,0.103487302,0.019526601,2.103589699,0,0,0,0,2,0,0,2,1,15,0,0,09/09/2016 22:30,0,0,2,0,0,0.965208618,2.226603601,0.965208618,2.226603601,0.093219604,0.123013902,2016,Bundesliga
Bayer Leverkusen -- Hamburger SV,0.041802201,0.0103366,1.691910811,0,0.393754005,0,1,3,0,1,1,1,12,0,1,0,0,3,0,0,0.048946999,0.091329701,0.516013816,0,0,0,0,2,0,0,1,1,4,0,0,10/09/2016 17:30,0,0,1,0,0,2.137803618,0.656290516,2.137803618,0.656290516,0.445892807,0.1402767,2016,Bundesliga
Darmstadt -- Eintracht Frankfurt,0,0,0.2135937,0,0.063790601,0,0,1,0,0,0,0,6,0,2,0,0,1,0,0,0,0.065777503,1.199979162,0,0.404845462,0,0,2,0,1,0,1,8,0,5,10/09/2016 17:30,0,0,0,0,0,0.277384301,1.670602127,0.277384301,1.670602127,0.063790601,0.470622965,2016,Bundesliga
Freiburg -- Borussia M.Gladbach,0.150371,0.143656502,0.325018218,0.757776976,0.181613006,2,0,4,1,0,4,3,8,1,2,0,0,2,1,0,0,0,0.112343903,0,0.017915299,0,0,2,0,0,0,0,4,0,1,10/09/2016 17:30,0,0,1,0,0,1.558435701,0.130259202,0.800658725,0.130259202,0.475640507,0.017915299,2016,Bundesliga
Ingolstadt -- Hertha Berlin,0.050829001,0.0678681,0.831171002,0,0.036809199,0,1,3,0,1,1,2,7,0,1,0,0,0,0,0,0,0.061934199,0.772390493,0,0.0197715,0,1,4,0,1,0,1,5,0,1,10/09/2016 17:30,0,0,2,0,0,0.986677302,0.854096192,0.986677302,0.854096192,0.1555063,0.081705699,2016,Bundesliga
Wolfsburg -- FC Cologne,0.143495798,0.206230403,0.508415008,0,0.056184798,0,1,2,0,1,2,6,10,0,1,0,0,0,0,0,0.217757195,0.0750442,0.97086375,0,0.120203003,3,1,5,0,0,3,1,11,0,1,10/09/2016 17:30,0,0,0,0,0,0.914326007,1.383868148,0.914326007,1.383868148,0.405911,0.413004398,2016,Bundesliga
RasenBallsport Leipzig -- Borussia Dortmund,0.038616002,0.088097698,0.765350774,0,0.058593299,0,0,3,0,0,1,2,6,0,1,0,0,1,0,0,0,0.0171076,0.384711803,0,0.080659099,0,0,0,0,0,0,1,6,0,1,10/09/2016 20:30,0,0,0,0,0,0.950657773,0.482478502,0.950657773,0.482478502,0.185306999,0.097766699,2016,Bundesliga
Werder Bremen -- Augsburg,0,0,0.729678894,0.757776976,0.142016398,0,0,0,1,0,0,0,7,1,2,0,0,0,1,0,0.175920993,0.477769608,1.006172056,0,0,1,1,3,0,0,1,3,14,0,0,11/09/2016 17:30,1,1,0,0,0,1.629472268,1.659862657,0.871695292,1.659862657,0.142016398,0.653690601,2016,Bundesliga
Mainz 05 -- Hoffenheim,0,0.177745398,0.577799508,0,0.0326901,0,2,4,0,0,0,3,8,0,1,0,1,3,0,0,0.169112399,1.0413139,1.000585992,0,0.070133597,0,2,3,0,0,2,7,10,0,1,11/09/2016 19:30,0,1,3,0,0,0.788235007,2.281145887,0.788235007,2.281145887,0.210435499,1.280559896,2016,Bundesliga
FC Cologne -- Freiburg,0,0.1715995,1.233268529,0,0,0,1,2,0,0,0,2,7,0,0,0,1,2,0,0,0.037200201,0.119855098,1.119534863,0,0.160749704,1,0,6,0,1,1,2,12,0,2,16/09/2016 22:30,0,0,0,0,0,1.404868029,1.437339867,1.404868029,1.437339867,0.1715995,0.317805003,2016,Bundesliga
Bayern Munich -- Ingolstadt,0,0.0254361,0.4215359,0,0,0,0,5,0,0,0,1,9,0,0,0,0,3,0,0,0.054386899,0.096855598,1.358447893,0,0.0370287,1,0,4,0,0,1,3,8,0,1,17/09/2016 17:30,0,0,1,0,0,0.446971999,1.546719089,0.446971999,1.546719089,0.0254361,0.188271197,2016,Bundesliga
Borussia Dortmund -- Darmstadt,0.137142498,0.0162345,3.845904987,0,0.080539398,1,0,11,0,1,2,1,17,0,2,0,0,6,0,0,0,0,0.167469502,0,0.0122593,0,0,1,0,0,0,0,4,0,1,17/09/2016 17:30,0,0,0,0,0,4.079821384,0.179728802,4.079821384,0.179728802,0.233916396,0.0122593,2016,Bundesliga
Eintracht Frankfurt -- Bayer Leverkusen,0,0,2.156686911,0,0,0,0,8,0,0,0,0,17,0,0,0,0,2,0,0,0,0,1.361539416,0.757776976,0,0,0,3,0,0,0,0,6,1,0,17/09/2016 17:30,0,0,1,0,0,2.156686911,2.119316392,2.156686911,1.361539416,0,0,2016,Bundesliga
Hamburger SV -- RasenBallsport Leipzig,0,0.143371103,1.037313119,0,0,0,0,2,0,0,0,4,10,0,0,0,0,0,0,0,0.0186745,0.518479716,1.086152598,0.757776976,0.947448015,0,1,3,1,1,1,2,7,1,1,17/09/2016 17:30,0,0,2,1,1,1.180684222,3.328531805,1.180684222,2.57075483,0.143371103,1.484602232,2016,Bundesliga
Hoffenheim -- Wolfsburg,0.0377478,0.451283008,1.060990604,0,0.396256,0,0,5,0,0,1,1,17,0,1,0,0,0,0,0,0.064379498,0.318710102,2.121389778,0,0,0,3,6,0,0,1,6,14,0,0,17/09/2016 17:30,0,0,0,0,0,1.946277412,2.504479378,1.946277412,2.504479378,0.885286808,0.3830896,2016,Bundesliga
Borussia M.Gladbach -- Werder Bremen,0.039238699,0.0655428,2.767926333,0.757776976,0,0,0,5,1,0,1,2,11,1,0,0,0,3,1,0,0,0.079101101,1.123054102,0,0.051019501,0,0,4,0,0,0,2,6,0,1,17/09/2016 20:30,0,0,1,0,0,3.630484808,1.253174704,2.872707833,1.253174704,0.104781499,0.130120602,2016,Bundesliga
Augsburg -- Mainz 05,0,0.077932801,0.743734805,0,0.00699245,0,1,3,0,1,0,2,9,0,1,0,0,1,0,0,0.039677601,0.080266103,1.423918933,0,0,1,1,4,0,0,1,1,9,0,0,18/09/2016 17:30,0,1,2,0,0,0.828660056,1.543862637,0.828660056,1.543862637,0.084925251,0.119943704,2016,Bundesliga
Hertha Berlin -- Schalke 04,0,0,0.593680322,0,0.131161102,0,0,2,0,0,0,0,6,0,2,0,0,2,0,0,0,0.1123796,0.314497106,0,0,0,1,3,0,0,0,4,7,0,0,18/09/2016 19:30,0,0,0,0,0,0.724841424,0.426876706,0.724841424,0.426876706,0.131161102,0.1123796,2016,Bundesliga
Darmstadt -- Hoffenheim,0,0.073167101,0.98876128,0,0.604392491,0,1,2,0,0,0,2,7,0,3,0,0,1,0,0,0.0493735,0.238414902,1.16009821,0,0,0,0,4,0,0,1,3,11,0,0,20/09/2016 22:00,0,0,1,0,0,1.666320872,1.447886612,1.666320872,1.447886612,0.677559592,0.287788402,2016,Bundesliga
Freiburg -- Hamburger SV,0.086213302,0.285714798,1.393859905,0,0.028663401,1,0,3,0,0,2,5,12,0,1,0,0,1,0,0,0,0,0.610666588,0,0.037248898,0,0,0,0,0,0,0,6,0,1,20/09/2016 22:00,0,0,0,0,0,1.794451405,0.647915486,1.794451405,0.647915486,0.4005915,0.037248898,2016,Bundesliga
Ingolstadt -- Eintracht Frankfurt,0.109403998,0.0672422,0.45579246,0,0.149636202,0,0,2,0,1,1,2,8,0,2,0,0,0,0,0,0.0388311,0.165843897,0.132311299,0,0.0151096,1,2,2,0,0,1,3,4,0,1,20/09/2016 22:00,0,2,0,0,0,0.782074858,0.352095895,0.782074858,0.352095895,0.326282399,0.219784596,2016,Bundesliga
Wolfsburg -- Borussia Dortmund,0.125679001,0.0508397,2.340555129,0,0.193791095,1,0,7,0,1,1,1,11,0,3,0,0,1,0,0,0,0.0864693,2.255983654,0,0,0,1,8,0,0,0,1,9,0,0,20/09/2016 22:00,0,1,4,0,0,2.710864925,2.342452955,2.710864925,2.342452955,0.370309796,0.0864693,2016,Bundesliga
Bayer Leverkusen -- Augsburg,0.109331399,0.125783198,0.98167338,0.757776976,0.060306501,1,0,4,0,1,2,3,7,1,1,0,0,0,0,0,0,0.039306,0.1146149,0,0.076644398,0,0,2,0,0,0,2,2,0,1,21/09/2016 22:00,0,0,0,0,0,2.034871453,0.230565298,1.277094478,0.230565298,0.295421097,0.115950398,2016,Bundesliga
Bayern Munich -- Hertha Berlin,0,0.159719801,2.546222404,0,0.01127,0,0,6,0,0,0,2,13,0,1,0,0,3,0,0,0,0,0.153421596,0,0,0,0,2,0,0,0,0,2,0,0,21/09/2016 22:00,0,0,0,0,0,2.717212204,0.153421596,2.717212204,0.153421596,0.1709898,0,2016,Bundesliga
RasenBallsport Leipzig -- Borussia M.Gladbach,0,0.048675299,1.173496701,0,0.364643894,0,0,4,0,1,0,1,6,0,2,0,0,1,0,0,0,0,0.224261899,0,0,0,0,1,0,0,0,0,3,0,0,21/09/2016 22:00,0,0,1,0,0,1.586815894,0.224261899,1.586815894,0.224261899,0.413319193,0,2016,Bundesliga
Schalke 04 -- FC Cologne,0,0.183432599,1.193382514,0,0,0,2,5,0,0,0,5,12,0,0,0,0,1,0,0,0,0.080179103,1.108571966,0,0,0,1,4,0,0,0,2,7,0,0,21/09/2016 22:00,0,0,3,0,0,1.376815112,1.188751069,1.376815112,1.188751069,0.183432599,0.080179103,2016,Bundesliga
Werder Bremen -- Mainz 05,0,0.123354219,0.796451207,0,0,0,1,6,0,0,0,2,11,0,0,0,0,1,0,0,0,0.076452998,1.309470277,0,0,0,0,6,0,0,0,2,11,0,0,21/09/2016 22:00,0,0,2,0,0,0.919805426,1.385923276,0.919805426,1.385923276,0.123354219,0.076452998,2016,Bundesliga
Borussia Dortmund -- Freiburg,0.147211298,0.273701202,2.812391808,0,0,0,0,5,0,0,3,6,15,0,0,0,0,3,0,0,0,0.044844799,0.948279992,0,0.060716502,0,0,3,0,2,0,1,6,0,2,23/09/2016 22:30,0,0,1,0,0,3.233304309,1.053841293,3.233304309,1.053841293,0.4209125,0.105561301,2016,Bundesliga
Augsburg -- Darmstadt,0.0759889,0.0197806,1.858963618,0,0,1,0,5,0,0,2,1,16,0,0,0,0,1,0,0,0,0,0.106932031,0,0.022935599,0,0,0,0,0,0,0,4,0,1,24/09/2016 17:30,0,0,0,0,0,1.954733118,0.12986763,1.954733118,0.12986763,0.0957695,0.022935599,2016,Bundesliga
Borussia M.Gladbach -- Ingolstadt,0,0,1.181765582,0,0,0,0,5,0,0,0,0,7,0,0,0,0,2,0,0,0.038291901,0.052528702,0.404380015,0,0.0399184,0,0,2,0,0,1,2,3,0,2,24/09/2016 17:30,0,0,0,0,0,1.181765582,0.535119019,1.181765582,0.535119019,0,0.130739003,2016,Bundesliga
Eintracht Frankfurt -- Hertha Berlin,0,0.661911521,0.844415913,0,0,0,1,3,0,0,0,3,8,0,0,0,1,2,0,0,0,0,0.413800292,0.757776976,0,0,0,3,1,0,0,0,5,1,0,24/09/2016 17:30,0,0,2,1,0,1.506327434,1.171577267,1.506327434,0.413800292,0.661911521,0,2016,Bundesliga
Hamburger SV -- Bayern Munich,0,0.057678199,0.182378301,0,0.064879604,0,0,1,0,0,0,2,4,0,1,0,0,0,0,0,0.092868697,0.531590991,1.430996594,0,0.093268801,1,1,6,0,0,2,2,11,0,2,24/09/2016 17:30,0,0,1,0,0,0.304936104,2.148725082,0.304936104,2.148725082,0.122557803,0.717728488,2016,Bundesliga
Mainz 05 -- Bayer Leverkusen,0,0.518731691,1.220416108,0,0,0,2,3,0,0,0,2,7,0,0,0,1,1,0,0,0.072806701,0.033540402,1.643022483,0,0,1,1,4,0,0,1,1,14,0,0,24/09/2016 17:30,0,0,3,0,0,1.739147799,1.749369586,1.739147799,1.749369586,0.518731691,0.106347103,2016,Bundesliga
Werder Bremen -- Wolfsburg,0.078791298,0.550170682,0.421184102,0,0.064517803,1,1,2,0,0,1,3,12,0,1,0,1,1,0,0,0.048399098,0,0.435019703,0,0,0,0,3,0,0,1,0,10,0,0,24/09/2016 20:30,0,0,0,0,0,1.114663886,0.483418801,1.114663886,0.483418801,0.693479784,0.048399098,2016,Bundesliga
Hoffenheim -- Schalke 04,0,0.0128334,1.868504259,0,0,0,0,2,0,0,0,1,13,0,0,0,0,2,0,0,0,0.084497202,0.955705836,0,0.00687564,0,0,5,0,0,0,2,9,0,1,25/09/2016 17:30,0,0,1,0,0,1.881337659,1.047078678,1.881337659,1.047078678,0.0128334,0.091372842,2016,Bundesliga
FC Cologne -- RasenBallsport Leipzig,0,0,0.345177536,0,0.0227859,0,0,2,0,0,0,0,9,0,1,0,0,1,0,0,0.042058099,0.191127897,0.587984705,0,0,0,1,1,0,0,1,5,6,0,0,25/09/2016 19:45,0,0,1,0,0,0.367963436,0.821170702,0.367963436,0.821170702,0.0227859,0.233185996,2016,Bundesliga
RasenBallsport Leipzig -- Augsburg,0,0.081186898,0.963025109,0,0,0,1,9,0,0,0,1,16,0,0,0,0,2,0,0,0,0.033025301,0.258810602,0,0.021980099,0,0,2,0,0,0,2,3,0,1,30/09/2016 22:30,0,0,1,0,0,1.044212007,0.313816003,1.044212007,0.313816003,0.081186898,0.0550054,2016,Bundesliga
Bayern Munich -- FC Cologne,0.223042607,0.579782894,1.402809173,0,0,0,1,2,0,0,2,6,18,0,0,0,0,1,0,0,0,0.0165527,0.755816095,0,0.126825005,0,0,2,0,0,0,1,3,0,1,01/10/2016 17:30,0,0,1,0,0,2.205634674,0.899193799,2.205634674,0.899193799,0.802825501,0.143377705,2016,Bundesliga
Darmstadt -- Werder Bremen,0.110052899,0.030373801,0.370670307,0.757776976,0.00885601,0,0,1,1,0,2,1,4,1,1,0,0,1,1,0,0.045565099,0.260564202,0.495510114,0,0.743616402,0,3,3,0,1,1,5,7,0,2,01/10/2016 17:30,0,0,1,0,1,1.277729992,1.545255817,0.519953016,1.545255817,0.149282709,1.049745702,2016,Bundesliga
Freiburg -- Eintracht Frankfurt,0,0.183738096,0.264426997,0,0.016651699,0,0,2,0,1,0,3,7,0,1,0,0,1,0,0,0,0.148389205,0.567333493,0,0,0,0,3,0,0,0,2,12,0,0,01/10/2016 17:30,0,0,0,0,0,0.464816792,0.715722699,0.464816792,0.715722699,0.200389795,0.148389205,2016,Bundesliga
Hertha Berlin -- Hamburger SV,0,0.303552,1.396833491,0.757695973,0,0,2,2,1,0,0,5,8,1,0,0,1,0,1,0,0.051325802,0.118763,0.942358714,0,0,1,0,2,0,0,1,1,14,0,0,01/10/2016 17:30,0,0,0,0,0,2.458081463,1.112447515,1.70038549,1.112447515,0.303552,0.170088802,2016,Bundesliga
Ingolstadt -- Hoffenheim,0.060612898,0.658197491,0.467065929,0.757776976,0.286039103,1,1,1,1,1,1,5,8,1,3,0,0,0,1,0,0.028199701,0.151174704,3.226448515,0,0,1,0,7,0,0,1,3,16,0,0,01/10/2016 17:30,0,0,2,0,0,2.229692397,3.40582292,1.471915422,3.40582292,1.004849493,0.179374404,2016,Bundesliga
Bayer Leverkusen -- Borussia Dortmund,0.035934798,0.329923004,1.16111913,0,0,0,1,5,0,0,1,1,9,0,0,0,1,1,0,0,0.052873001,0,0.774226304,0,0.0103476,1,0,3,0,0,1,0,8,0,1,01/10/2016 20:30,0,0,0,0,0,1.526976932,0.837446905,1.526976932,0.837446905,0.365857802,0.063220601,2016,Bundesliga
Wolfsburg -- Mainz 05,0.063631497,0.43195329,0.827697929,0,0,1,1,0,0,0,1,5,13,0,0,0,0,0,0,0,0,0,0.256465398,0,0,0,0,2,0,0,0,0,7,0,0,02/10/2016 17:30,0,0,0,0,0,1.323282717,0.256465398,1.323282717,0.256465398,0.495584788,0,2016,Bundesliga
Schalke 04 -- Borussia M.Gladbach,0,0.016742099,2.385656199,0.757776976,0.00722391,0,0,6,1,1,0,1,12,1,1,0,0,3,1,0,0,0.297937792,0.456275497,0,0.0496394,0,0,3,0,0,0,2,8,0,2,02/10/2016 19:30,0,0,0,0,0,3.167399184,0.803852689,2.409622209,0.803852689,0.023966009,0.347577192,2016,Bundesliga
Borussia Dortmund -- Hertha Berlin,0.120592598,0,1.640754793,0.757776976,0.084210597,0,0,5,1,0,2,0,10,1,2,0,0,1,0,0,0.075180799,0,0.83876569,0,0.0808919,0,0,2,0,0,1,0,6,0,2,14/10/2016 22:30,0,0,1,0,0,2.603334963,0.994838389,1.845557988,0.994838389,0.204803195,0.156072699,2016,Bundesliga
Augsburg -- Schalke 04,0.0899157,0.089665302,0.236477501,0,0,0,0,5,0,0,2,2,7,0,0,0,0,1,0,0,0.046144001,0.169324301,0.525857305,0,0.0106418,0,0,3,0,0,1,4,6,0,1,15/10/2016 17:30,0,0,1,0,0,0.416058503,0.751967408,0.416058503,0.751967408,0.179581002,0.226110103,2016,Bundesliga
Borussia M.Gladbach -- Hamburger SV,0.095183201,0.545179505,1.367105599,1.515553951,0,0,0,3,1,0,1,7,12,2,0,0,0,0,0,0,0,0,0.124206412,0,0.0857068,0,0,0,0,0,0,0,4,0,1,15/10/2016 17:30,0,0,0,0,0,3.523022257,0.209913212,2.007468306,0.209913212,0.640362706,0.0857068,2016,Bundesliga
Eintracht Frankfurt -- Bayern Munich,0.053290199,0,2.022206661,0,0,0,0,4,0,0,1,0,12,0,0,0,0,2,0,0,0,0.436929706,1.055282182,0,0.0428521,0,1,4,0,0,0,2,11,0,1,15/10/2016 17:30,0,1,1,0,0,2.075496861,1.535063989,2.075496861,1.535063989,0.053290199,0.479781806,2016,Bundesliga
FC Cologne -- Ingolstadt,0.170857601,0.79629603,2.256343716,0.757776976,0,1,0,1,1,0,4,2,8,1,0,0,0,1,1,0,0,0.179279096,0.0476829,0.757776976,0.092534598,0,0,0,1,0,0,3,3,1,2,15/10/2016 17:30,0,0,0,1,0,3.981274323,1.07727357,3.223497347,0.319496594,0.967153631,0.271813694,2016,Bundesliga
Hoffenheim -- Freiburg,0.041735101,0.170565302,1.164556919,0.757776976,0.296963006,1,0,2,1,0,1,3,8,1,1,0,0,1,1,0,0,0.0737289,0.719344578,0,0.067480199,0,3,2,0,1,0,3,9,0,1,15/10/2016 17:30,0,0,1,0,0,2.431597304,0.860553677,1.673820328,0.860553677,0.509263409,0.141209099,2016,Bundesliga
Werder Bremen -- Bayer Leverkusen,0,0,1.55917931,0,0.186661202,0,0,4,0,1,0,0,8,0,3,0,0,1,0,1,0.062040601,0.033848401,0.384582397,0,0.0676337,0,1,3,0,2,1,1,9,0,2,15/10/2016 20:30,0,0,1,0,0,1.745840512,0.548105098,1.745840512,0.548105098,0.186661202,0.163522702,2016,Bundesliga
Mainz 05 -- Darmstadt,0.068319801,0.146124002,1.849483369,0.757776976,0.0435552,1,0,3,1,0,2,3,6,1,1,0,0,1,1,0,0,0.133426999,0.188957002,1.515553951,0.093331698,0,1,1,2,0,0,2,6,2,2,16/10/2016 17:30,0,0,0,1,0,2.865259347,1.93126965,2.107482372,0.415715699,0.257999003,0.226758697,2016,Bundesliga
Wolfsburg -- RasenBallsport Leipzig,0.0533868,0.112580102,0.518300992,0,0,0,0,2,0,0,1,3,6,0,0,0,0,0,0,0,0.060425099,0.058382001,0.905310402,0.757776976,0.038633861,1,1,3,0,1,1,1,8,1,2,16/10/2016 19:30,0,0,1,0,0,0.684267893,1.820528338,0.684267893,1.062751362,0.165966902,0.15744096,2016,Bundesliga
Hamburger SV -- Eintracht Frankfurt,0,0,0.163638702,0,0,0,0,0,0,0,0,0,4,0,0,0,0,0,0,0,0.0818092,0,0.997317499,0,0.247359999,0,0,4,0,0,1,0,10,0,2,21/10/2016 22:30,0,0,2,0,0,0.163638702,1.326486697,0.163638702,1.326486697,0,0.329169199,2016,Bundesliga
Bayer Leverkusen -- Hoffenheim,0,0.059468601,0.546238702,0,0,0,0,1,0,0,0,2,4,0,0,0,0,0,0,0,0.067792997,0.032138199,2.206217155,0,0,0,0,8,0,0,1,1,12,0,0,22/10/2016 17:30,0,0,3,0,0,0.605707303,2.30614835,0.605707303,2.30614835,0.059468601,0.099931195,2016,Bundesliga
Darmstadt -- Wolfsburg,0.086673997,0,0.947328595,0,0.346301787,1,0,2,0,2,1,0,7,0,2,1,0,1,0,1,0,0.315227985,0.262648842,0,0,0,1,0,0,0,0,1,8,0,0,22/10/2016 17:30,0,1,0,0,0,1.380304379,0.577876827,1.380304379,0.577876827,0.432975784,0.315227985,2016,Bundesliga
Freiburg -- Augsburg,0.049405102,0,0.949107321,0,0.532195985,0,0,4,0,1,1,0,10,0,1,0,0,1,0,1,0.038688399,0,1.140665435,0,0.055456001,0,0,5,0,1,1,0,12,0,1,22/10/2016 17:30,0,0,1,0,0,1.530708408,1.234809835,1.530708408,1.234809835,0.581601087,0.0941444,2016,Bundesliga
Hertha Berlin -- FC Cologne,0,0.094955102,0.6790265,0,0.666898627,0,0,5,0,2,0,1,10,0,2,0,0,1,0,1,0,0.0942185,1.270086159,0,0,0,0,2,0,0,0,2,8,0,0,22/10/2016 17:30,0,0,1,0,0,1.440880229,1.364304658,1.440880229,1.364304658,0.761853728,0.0942185,2016,Bundesliga
Ingolstadt -- Borussia Dortmund,0,0.177023198,0.937944285,0,0.578285183,0,1,4,0,2,0,2,8,0,2,0,0,1,0,2,0.1050114,0.152024302,2.44672153,0,0,0,1,9,0,0,2,5,17,0,0,22/10/2016 17:30,0,0,3,0,0,1.693252666,2.703757231,1.693252666,2.703757231,0.755308381,0.257035702,2016,Bundesliga
Bayern Munich -- Borussia M.Gladbach,0.119807601,0.075286299,1.538437701,0,0,1,0,4,0,0,2,2,13,0,0,0,0,2,0,0,0,0.015955601,0.483814999,0,0,0,0,0,0,0,0,1,2,0,0,22/10/2016 20:30,0,0,0,0,0,1.733531601,0.4997706,1.733531601,0.4997706,0.1950939,0.015955601,2016,Bundesliga
RasenBallsport Leipzig -- Werder Bremen,0,0.261870403,3.034467608,0,0.0663248,0,0,6,0,0,0,3,18,0,1,0,0,3,0,0,0,0.112109203,0.801615022,0,0,0,0,3,0,0,0,2,5,0,0,23/10/2016 17:30,0,0,1,0,0,3.362662811,0.913724225,3.362662811,0.913724225,0.328195203,0.112109203,2016,Bundesliga
Schalke 04 -- Mainz 05,0.112714402,0.0137307,1.002876878,0,0.0826343,1,1,3,0,0,2,1,7,0,1,0,0,3,0,0,0,0.0190352,0.824906183,0,0.143471405,0,0,4,0,0,0,1,7,0,3,23/10/2016 19:30,0,0,0,0,0,1.21195628,0.987412788,1.21195628,0.987412788,0.209079402,0.162506605,2016,Bundesliga
Borussia M.Gladbach -- Eintracht Frankfurt,0,0.060255798,0.545406312,0,0,0,0,2,0,0,0,2,5,0,0,0,0,0,0,0,0,0.065165301,0.323452501,0,0,0,0,1,0,0,0,2,4,0,0,28/10/2016 22:30,0,0,0,0,0,0.605662109,0.388617801,0.605662109,0.388617801,0.060255798,0.065165301,2016,Bundesliga
Augsburg -- Bayern Munich,0,0.022138201,0.641229983,0,0.061489601,0,0,3,0,0,0,1,5,0,1,0,0,1,0,0,0,0.4881977,2.984845177,0,0,0,2,6,0,0,0,5,11,0,0,29/10/2016 17:30,0,0,3,0,0,0.724857784,3.473042877,0.724857784,3.473042877,0.083627801,0.4881977,2016,Bundesliga
Darmstadt -- RasenBallsport Leipzig,0.045352999,0,0.154250402,0,0,0,0,0,0,0,1,0,3,0,0,0,0,0,0,0,0.189139601,0.235368006,1.199894721,0,0.0203768,0,0,3,0,1,2,2,6,0,1,29/10/2016 17:30,0,0,2,0,0,0.199603401,1.644779127,0.199603401,1.644779127,0.045352999,0.444884406,2016,Bundesliga
Mainz 05 -- Ingolstadt,0,0.094928397,1.29081222,0.757776976,0.067199199,0,1,6,1,0,0,2,12,1,2,0,0,1,1,0,0.040553801,0,0.176381298,0,0,1,0,0,0,0,1,0,4,0,0,29/10/2016 17:30,0,0,0,0,0,2.210716791,0.216935099,1.452939816,0.216935099,0.162127595,0.040553801,2016,Bundesliga
Werder Bremen -- Freiburg,0.035666399,0.475432895,0.756640715,0,0.02654456,1,1,2,0,0,1,2,8,0,2,0,0,1,0,0,0.030410601,0.038374402,0.870832505,0.757776976,0.024452001,0,0,4,1,0,1,1,10,1,1,29/10/2016 17:30,0,0,2,1,0,1.294284568,1.721846484,1.294284568,0.964069508,0.537643854,0.093237003,2016,Bundesliga
Wolfsburg -- Bayer Leverkusen,0,0,1.06737661,0,0.046218999,0,0,2,0,0,0,0,5,0,1,0,0,1,0,0,0,0.915610984,1.278861878,0,0,0,1,5,0,0,0,3,15,0,0,29/10/2016 17:30,0,1,1,0,0,1.113595609,2.194472861,1.113595609,2.194472861,0.046218999,0.915610984,2016,Bundesliga
Borussia Dortmund -- Schalke 04,0.0550147,0,0.728131702,0,0.0517617,0,0,1,0,0,1,0,6,0,2,0,0,0,0,0,0,0,0.466489712,0,0,0,0,2,0,0,0,0,8,0,0,29/10/2016 20:30,0,0,0,0,0,0.834908102,0.466489712,0.834908102,0.466489712,0.1067764,0,2016,Bundesliga
Hoffenheim -- Hertha Berlin,0.121601097,0.120767802,2.124332546,0,0.411868236,0,0,5,0,1,2,4,14,0,3,0,0,0,0,1,0,0,0.165331401,0,0.086535797,0,0,2,0,0,0,0,4,0,1,30/10/2016 18:30,0,0,0,0,0,2.778569682,0.251867197,2.778569682,0.251867197,0.654237135,0.086535797,2016,Bundesliga
FC Cologne -- Hamburger SV,0,0.140311398,2.034434797,0.757534027,0,0,1,5,0,0,0,5,12,1,0,0,0,3,0,0,0.044080399,0.021673501,0.204629128,0,0.037182969,0,0,2,0,0,1,1,4,0,3,30/10/2016 20:30,0,0,0,0,0,2.932280222,0.307565996,2.174746195,0.307565996,0.140311398,0.102936869,2016,Bundesliga
Hertha Berlin -- Borussia M.Gladbach,0,0.094877299,1.524282474,0,0.046864772,0,1,3,0,2,0,3,7,0,2,0,0,3,0,0,0,0,0.611175956,0,0.027666301,0,0,1,0,1,0,0,10,0,1,04/11/2016 23:30,0,0,0,0,0,1.666024545,0.638842256,1.666024545,0.638842256,0.141742071,0.027666301,2016,Bundesliga
Bayer Leverkusen -- Darmstadt,0,0.079976201,0.578898075,0,0.0151542,0,1,3,0,0,0,2,9,0,1,0,1,2,0,0,0,0.128100205,0.706990987,0,0.0281564,0,2,1,0,0,0,3,2,0,1,05/11/2016 18:30,0,1,1,0,0,0.674028476,0.863247592,0.674028476,0.863247592,0.095130401,0.156256605,2016,Bundesliga
Bayern Munich -- Hoffenheim,0.103505298,0.036297501,1.328700095,0,0.0376921,0,1,4,0,0,2,2,15,0,2,0,0,0,0,0,0,0,0.246659773,0,0,0,0,3,0,0,0,0,6,0,0,05/11/2016 18:30,0,0,1,0,0,1.506194995,0.246659773,1.506194995,0.246659773,0.177494899,0,2016,Bundesliga
Freiburg -- Wolfsburg,0.047909901,0.2576629,0.594487322,0,0.0161402,0,0,2,0,0,1,3,8,0,1,0,0,0,0,0,0,0.251717899,1.053420574,0.757776976,0.062917501,0,1,2,1,1,0,4,8,1,1,05/11/2016 18:30,0,1,1,1,0,0.916200323,2.12583295,0.916200323,1.368055974,0.321713001,0.3146354,2016,Bundesliga
Hamburger SV -- Borussia Dortmund,0.042066999,0.177901193,0.473459802,0,0.022833751,0,0,6,0,0,1,2,9,0,2,0,0,2,0,0,0,0,3.107779406,0,0.043940701,0,0,6,0,0,0,0,9,0,1,05/11/2016 18:30,0,0,5,0,0,0.716261744,3.151720107,0.716261744,3.151720107,0.242801943,0.043940701,2016,Bundesliga
Ingolstadt -- Augsburg,0.071839802,0.0292564,0.486978196,0,0,1,0,4,0,0,1,1,13,0,0,0,0,0,0,0,0.111615002,0.0365397,1.009766785,0,0,1,0,4,0,0,1,1,11,0,0,05/11/2016 18:30,1,0,1,0,0,0.588074397,1.157921487,0.588074397,1.157921487,0.101096202,0.148154702,2016,Bundesliga
Eintracht Frankfurt -- FC Cologne,0,0.050386699,0.80996139,0,0,0,0,1,0,0,0,2,7,0,0,0,0,1,0,0,0,0.1237546,0.514326694,0,0,0,1,0,0,0,0,2,4,0,0,05/11/2016 21:30,0,0,0,0,0,0.860348089,0.638081294,0.860348089,0.638081294,0.050386699,0.1237546,2016,Bundesliga
RasenBallsport Leipzig -- Mainz 05,0,0.0416307,2.813843999,0,0.124576002,0,0,4,0,0,0,1,13,0,1,0,0,3,0,0,0,0.195069505,0.271255135,0,0.044306201,0,1,2,0,0,0,3,6,0,2,06/11/2016 18:30,0,1,0,0,0,2.980050702,0.51063084,2.980050702,0.51063084,0.166206703,0.239375706,2016,Bundesliga
Schalke 04 -- Werder Bremen,0.080181401,0.965353407,1.192990801,0,0.647817242,1,0,4,0,1,2,3,15,0,4,0,0,2,0,1,0,0.090498202,0.166020551,0.757776976,0,0,1,3,1,0,0,2,5,1,0,06/11/2016 20:30,0,0,0,1,0,2.886342851,1.014295728,2.886342851,0.256518752,1.69335205,0.090498202,2016,Bundesliga
Bayer Leverkusen -- RasenBallsport Leipzig,0.032010298,0.144145399,0.91793837,0.757776976,0,1,0,4,1,0,1,5,6,1,0,0,0,2,0,0,0,0.571058605,0.559202213,0,0,0,1,3,0,0,0,5,6,0,0,18/11/2016 23:30,0,1,1,0,0,1.851871043,1.130260818,1.094094068,1.130260818,0.176155698,0.571058605,2016,Bundesliga
Augsburg -- Hertha Berlin,0,0.035493701,0.985781016,0,0.079125702,0,0,3,0,0,0,2,6,0,1,0,0,0,0,0,0,0.062830999,0.82999127,0,0.528793693,0,0,3,0,1,0,1,7,0,2,19/11/2016 18:30,0,0,0,0,0,1.100400419,1.421615962,1.100400419,1.421615962,0.114619403,0.591624692,2016,Bundesliga
Borussia M.Gladbach -- FC Cologne,0.158353701,0.039168099,1.83004787,0,0.0645993,0,1,6,0,1,2,3,13,0,2,0,0,1,0,0,0.032228999,0.026832599,0.35399074,0,0,1,0,3,0,0,1,1,9,0,0,19/11/2016 18:30,1,0,1,0,0,2.09216897,0.413052338,2.09216897,0.413052338,0.2621211,0.059061598,2016,Bundesliga
Darmstadt -- Ingolstadt,0.157954104,0.346453797,1.213567126,0,0.227216598,0,1,2,0,1,2,6,5,0,5,0,0,0,0,0,0.207469992,0.268865597,0.657103803,0,0.050655801,1,1,3,0,1,2,6,6,0,1,19/11/2016 18:30,0,0,1,0,0,1.945191625,1.184095193,1.945191625,1.184095193,0.731624499,0.52699139,2016,Bundesliga
Mainz 05 -- Freiburg,0,0.802377999,0.956658012,0.757776976,0,0,2,3,1,0,0,2,8,1,0,0,2,1,1,0,0.231878195,0.072189,1.744378863,0,0.41989699,1,1,9,0,0,4,2,17,0,1,19/11/2016 18:30,0,0,2,0,0,2.516812987,2.468343047,1.759036011,2.468343047,0.802377999,0.723964185,2016,Bundesliga
Wolfsburg -- Schalke 04,0.045908298,0.139892301,0.0311366,0,0.0570546,0,0,0,0,0,1,3,2,0,2,0,0,0,0,0,0.056686498,0.258469796,0.789202317,0,0.0218731,0,1,3,0,0,1,6,11,0,1,19/11/2016 18:30,0,0,1,0,0,0.273991799,1.12623171,0.273991799,1.12623171,0.242855199,0.337029394,2016,Bundesliga
Borussia Dortmund -- Bayern Munich,0,0.0758099,1.46892712,0,0.00878547,0,0,4,0,0,0,2,8,0,1,0,0,1,0,0,0,0.167607702,0.753408806,0,0.0101073,0,0,2,0,1,0,3,14,0,1,19/11/2016 21:30,0,0,0,0,0,1.55352249,0.931123809,1.55352249,0.931123809,0.08459537,0.177715003,2016,Bundesliga
Hoffenheim -- Hamburger SV,0.056289401,0.643635917,1.500913892,0,0.118079597,1,2,2,0,0,1,4,10,0,2,0,1,1,0,0,0.043114699,0.135205001,1.62283913,0,0,0,1,3,0,0,1,3,10,0,0,20/11/2016 18:30,0,0,2,0,0,2.318918807,1.801158831,2.318918807,1.801158831,0.818004915,0.1783197,2016,Bundesliga
Werder Bremen -- Eintracht Frankfurt,0.052599698,0.106124301,0.877528895,0,0,1,0,3,0,0,1,2,11,0,0,0,0,1,0,0,0.102218598,0,1.4214887,0,0.097897198,0,0,9,0,0,2,0,14,0,2,20/11/2016 20:30,0,0,2,0,0,1.036252894,1.621604497,1.036252894,1.621604497,0.158723999,0.200115796,2016,Bundesliga
Freiburg -- RasenBallsport Leipzig,0.111522898,0.221829608,0.345587909,0,0.0171113,1,0,1,0,1,2,2,4,0,1,0,0,1,0,0,0,0.049949899,1.810167197,0,0.0452695,0,1,4,0,2,0,2,12,0,2,25/11/2016 23:30,0,1,3,0,0,0.696051715,1.905386597,0.696051715,1.905386597,0.350463806,0.0952194,2016,Bundesliga
Borussia M.Gladbach -- Hoffenheim,0,0,1.659031484,0,0.222943403,0,0,7,0,1,0,0,13,0,3,0,0,1,0,0,0.134385005,0.197537698,0.481612002,0,0.0140491,0,1,1,0,1,1,3,10,0,1,26/11/2016 18:30,0,0,1,0,0,1.881974887,0.827583805,1.881974887,0.827583805,0.222943403,0.345971802,2016,Bundesliga
Eintracht Frankfurt -- Borussia Dortmund,0,0.1097691,0.54267,0,0.033896901,0,1,3,0,0,0,3,8,0,1,0,0,2,0,0,0.0441011,0,1.613958586,0,0.00952482,1,0,4,0,0,1,0,10,0,1,26/11/2016 18:30,0,0,1,0,0,0.686336001,1.667584507,0.686336001,1.667584507,0.143666001,0.053625921,2016,Bundesliga
FC Cologne -- Augsburg,0.075666899,0.038038,1.08228793,0,0.195704997,0,0,5,0,0,2,1,14,0,1,0,0,0,0,0,0.0608771,0.050843101,0.396370599,0,0,1,0,1,0,0,1,3,9,0,0,26/11/2016 18:30,0,0,0,0,0,1.391697826,0.5080908,1.391697826,0.5080908,0.309409896,0.111720201,2016,Bundesliga
Hamburger SV -- Werder Bremen,0.030398499,0,2.063966613,0,0.078343198,0,0,7,0,0,1,0,15,0,1,0,0,2,0,0,0,0,1.225644581,0,0,0,0,4,0,0,0,0,12,0,0,26/11/2016 18:30,0,0,2,0,0,2.17270831,1.225644581,2.17270831,1.225644581,0.108741697,0,2016,Bundesliga
Ingolstadt -- Wolfsburg,0.236722499,0.0319394,2.172447396,0.757776976,0.495874595,0,0,3,1,1,2,2,13,1,2,0,0,1,0,0,0.052912101,0.1658458,0.260588098,0,0.0246811,0,0,3,0,0,1,2,5,0,2,26/11/2016 18:30,0,0,1,0,0,3.694760866,0.504027099,2.936983891,0.504027099,0.764536494,0.243439001,2016,Bundesliga
Bayern Munich -- Bayer Leverkusen,0,0.150892548,1.58493191,0,0,0,2,6,0,0,0,3,10,0,0,0,1,1,0,0,0.038049299,0.0180618,1.211821685,0,0,1,0,3,0,0,1,1,11,0,0,26/11/2016 21:30,0,0,1,0,0,1.735824458,1.267932784,1.735824458,1.267932784,0.150892548,0.056111099,2016,Bundesliga
Schalke 04 -- Darmstadt,0.051779199,0.215447599,1.690007994,0.757776976,0.0167842,1,0,5,1,0,1,3,14,1,1,0,0,3,0,0,0,0.178581301,1.086812293,0,0,0,1,1,0,0,0,3,6,0,0,27/11/2016 18:30,0,0,1,0,0,2.731795968,1.265393594,1.974018993,1.265393594,0.284010999,0.178581301,2016,Bundesliga
Hertha Berlin -- Mainz 05,0.094555497,0.188818496,1.653005339,0,0.074669898,0,0,5,0,0,2,3,10,0,1,0,0,2,0,0,0.051351,0.016160401,1.450013276,0,0.011238,1,0,3,0,0,1,1,6,0,1,27/11/2016 20:30,0,0,1,0,0,2.01104923,1.528762677,2.01104923,1.528762677,0.35804389,0.078749401,2016,Bundesliga
Mainz 05 -- Bayern Munich,0.072215296,0.0606528,0.299598213,0,0.0442202,0,0,3,0,0,1,1,5,0,2,0,0,1,0,0,0.145551596,0.041921699,1.488051515,0,0,1,0,5,0,0,2,2,11,0,0,02/12/2016 23:30,1,0,2,0,0,0.476686509,1.67552481,0.476686509,1.67552481,0.177088296,0.187473295,2016,Bundesliga
Bayer Leverkusen -- Freiburg,0,0.131645098,2.457658179,0.757534027,0,0,1,4,1,0,0,2,12,1,0,0,0,1,0,0,0.034066498,0.202737004,0.338329498,0,0.0246199,0,1,1,0,0,1,3,5,0,1,03/12/2016 18:30,0,1,0,0,0,3.346837305,0.599752899,2.589303277,0.599752899,0.131645098,0.261423402,2016,Bundesliga
Borussia Dortmund -- Borussia M.Gladbach,0,0.860469889,1.555589072,0,0,0,2,5,0,0,0,5,10,0,0,0,1,3,0,0,0,0.64939463,0.0820712,0,0,0,0,1,0,0,0,2,2,0,0,03/12/2016 18:30,0,0,1,0,0,2.416058961,0.73146583,2.416058961,0.73146583,0.860469889,0.64939463,2016,Bundesliga
Hoffenheim -- FC Cologne,0,0.764653111,1.011597674,0,0.451301102,0,1,3,0,2,0,3,5,0,2,0,1,2,0,1,0,0,1.800805015,0,0.0354684,0,0,1,0,0,0,0,8,0,2,03/12/2016 18:30,0,0,0,0,0,2.227551887,1.836273415,2.227551887,1.836273415,1.215954212,0.0354684,2016,Bundesliga
Werder Bremen -- Ingolstadt,0.159768999,0.037503,2.019158079,0,0.019153601,0,0,5,0,0,1,1,10,0,1,0,0,2,0,0,0.075056203,0.125796597,0.760500085,0,0.138679199,1,1,1,0,2,1,3,9,0,2,03/12/2016 18:30,1,0,0,0,0,2.235583679,1.100032084,2.235583679,1.100032084,0.2164256,0.339531999,2016,Bundesliga
Wolfsburg -- Hertha Berlin,0,0,1.311506409,0,0,0,0,4,0,0,0,0,6,0,0,0,0,2,0,0,0.1429369,0,0.469987299,0.757776976,0.18291471,1,0,5,1,1,2,0,11,1,4,03/12/2016 18:30,1,0,1,1,0,1.311506409,1.553615885,1.311506409,0.795838909,0,0.32585161,2016,Bundesliga
RasenBallsport Leipzig -- Schalke 04,0,0.161407404,0.972873706,0.757776976,0.017459299,0,1,2,1,0,0,3,9,1,1,0,0,0,1,0,0.0664047,0.033823399,1.035565483,0,0.137513995,1,0,3,0,1,2,2,6,0,2,03/12/2016 21:30,0,0,1,0,0,1.909517385,1.273307578,1.151740409,1.273307578,0.178866703,0.237742094,2016,Bundesliga
Darmstadt -- Hamburger SV,0,0.073316798,0.364965793,0,0.1292817,0,0,2,0,0,0,1,7,0,2,0,0,0,0,0,0.071932599,0.469922006,1.511318905,0,0.092798902,0,1,3,0,1,1,1,17,0,2,04/12/2016 18:30,0,1,1,0,0,0.56756429,2.145972412,0.56756429,2.145972412,0.202598497,0.634653507,2016,Bundesliga
Augsburg -- Eintracht Frankfurt,0.032899,0.091429099,0.462751435,0,0.087004498,0,1,4,0,0,1,3,9,0,1,0,1,0,0,0,0,0,0.310652804,0,0.080140501,0,0,2,0,1,0,0,5,0,2,04/12/2016 20:30,0,0,1,0,0,0.674084031,0.390793305,0.674084031,0.390793305,0.211332596,0.080140501,2016,Bundesliga
Eintracht Frankfurt -- Hoffenheim,0,0.2424483,0.323730001,0,0.0167487,0,0,3,0,0,0,5,9,0,1,0,0,0,0,0,0,0.040988401,0.057953399,0,0.113844,0,0,0,0,0,0,1,1,0,1,09/12/2016 23:30,0,0,0,0,0,0.582927002,0.212785799,0.582927002,0.212785799,0.259197,0.1548324,2016,Bundesliga
Bayern Munich -- Wolfsburg,0,0.065909701,2.196915304,0,0,0,0,10,0,0,0,2,17,0,0,0,0,5,0,0,0.042812299,0,0.390518695,0,0,1,0,2,0,0,1,0,5,0,0,10/12/2016 18:30,0,0,0,0,0,2.262825006,0.433330994,2.262825006,0.433330994,0.065909701,0.042812299,2016,Bundesliga
FC Cologne -- Borussia Dortmund,0.039652102,0.103610002,0.706663176,0,0.05544978,0,0,0,0,2,1,1,3,0,2,0,0,0,0,1,0.063700497,0.111647299,0.554314013,0,0.0105897,0,0,4,0,0,1,3,6,0,1,10/12/2016 18:30,0,0,1,0,0,0.90537506,0.740251509,0.90537506,0.740251509,0.198711883,0.185937497,2016,Bundesliga
Freiburg -- Darmstadt,0,0.53198361,0.325047606,0.757776976,0,0,1,0,1,0,0,2,8,1,0,0,0,0,1,0,0.098571301,0.153283399,0.257511321,0,0.0956613,0,1,1,0,2,1,5,8,0,3,10/12/2016 18:30,0,0,0,0,0,1.614808192,0.60502732,0.857031216,0.60502732,0.53198361,0.347515999,2016,Bundesliga
Hamburger SV -- Augsburg,0.101758502,0.108823001,0.548651991,0,0.1424421,1,0,4,0,0,2,1,7,0,2,0,0,1,0,0,0.0270795,0.028706601,0.833503663,0,0.0634415,1,0,0,0,0,1,1,7,0,2,10/12/2016 18:30,0,0,0,0,0,0.901675595,0.952731264,0.901675595,0.952731264,0.353023604,0.119227601,2016,Bundesliga
Ingolstadt -- RasenBallsport Leipzig,0,0.100017402,0.132910997,0,0.344457,0,0,0,0,1,0,2,1,0,1,0,0,0,0,1,0,0.116422798,1.38803513,0,0.0251041,0,0,3,0,0,0,3,9,0,1,10/12/2016 18:30,0,0,0,0,0,0.577385399,1.529562028,0.577385399,1.529562028,0.444474403,0.141526898,2016,Bundesliga
Hertha Berlin -- Werder Bremen,0,0.0189909,0.502955904,0,0,0,0,4,0,0,0,1,10,0,0,0,0,0,0,0,0,0,1.370999589,0,0,0,0,6,0,0,0,0,13,0,0,10/12/2016 21:30,0,0,1,0,0,0.521946805,1.370999589,0.521946805,1.370999589,0.0189909,0,2016,Bundesliga
Borussia M.Gladbach -- Mainz 05,0.0458179,0.180176605,0.133799199,0,0,0,1,2,0,0,1,3,5,0,0,0,1,0,0,0,0,0.017405801,0.308587901,0,0.204840302,0,0,3,0,1,0,1,8,0,3,11/12/2016 18:30,0,0,0,0,0,0.359793704,0.530834004,0.359793704,0.530834004,0.225994505,0.222246103,2016,Bundesliga
Schalke 04 -- Bayer Leverkusen,0,0.016962901,0.560634304,0,0.124379002,0,0,0,0,0,0,1,9,0,1,0,0,0,0,0,0.138831005,0.056629401,0.679382797,0,0.358663602,0,0,1,0,1,1,1,8,0,3,11/12/2016 20:30,0,0,0,0,1,0.701976206,1.233506804,0.701976206,1.233506804,0.141341902,0.554124007,2016,Bundesliga
Hoffenheim -- Borussia Dortmund,0,0.47202069,1.077738801,0,0,0,1,4,0,0,0,2,11,0,0,0,1,1,0,0,0.119674999,0.071190001,1.187057095,0,0.116128858,0,1,3,0,0,2,2,7,0,3,16/12/2016 19:30,0,0,2,0,0,1.549759491,1.494050954,1.549759491,1.494050954,0.47202069,0.306993859,2016,Bundesliga
Augsburg -- Borussia M.Gladbach,0,0.160353899,0.156677699,0,0.0316885,0,1,0,0,0,0,3,4,0,1,0,1,0,0,0,0,0,0.224939703,0,0.058973901,0,0,3,0,0,0,0,7,0,1,17/12/2016 18:30,0,0,0,0,0,0.348720098,0.283913604,0.348720098,0.283913604,0.192042399,0.058973901,2016,Bundesliga
Mainz 05 -- Hamburger SV,0.0561684,0.107421003,1.100506417,0,0.106984601,0,1,6,0,1,1,1,14,0,3,0,0,3,0,0,0.03951,0,0.916893066,0,0,1,0,2,0,0,1,0,9,0,0,17/12/2016 18:30,0,0,1,0,0,1.371080422,0.956403066,1.371080422,0.956403066,0.270574004,0.03951,2016,Bundesliga
RasenBallsport Leipzig -- Hertha Berlin,0.064603202,0.355371399,1.135969132,0,0.086167298,0,2,4,0,1,1,4,10,0,1,0,1,1,0,0,0.161883796,0.037883699,0,0,0,0,0,0,0,0,2,1,0,0,0,17/12/2016 18:30,0,0,0,0,0,1.642111031,0.199767495,1.642111031,0.199767495,0.506141899,0.199767495,2016,Bundesliga
Schalke 04 -- Freiburg,0,0.263371693,0.672477993,0,0.022415601,0,0,2,0,0,0,7,9,0,1,0,0,1,0,0,0,0,1.242900476,0,0.0121527,0,0,2,0,0,0,0,5,0,1,17/12/2016 18:30,0,0,1,0,0,0.958265287,1.255053176,0.958265287,1.255053176,0.285787294,0.0121527,2016,Bundesliga
Werder Bremen -- FC Cologne,0,0.0339502,0.300595595,0,0.046270501,0,0,4,0,0,0,2,7,0,1,0,0,1,0,0,0.062913097,0,1.981621098,0,0.066316701,0,0,4,0,1,1,0,12,0,1,17/12/2016 18:30,0,0,1,0,0,0.380816296,2.110850897,0.380816296,2.110850897,0.080220701,0.129229799,2016,Bundesliga
Wolfsburg -- Eintracht Frankfurt,0,0.163950302,1.59268097,0,0,0,1,2,0,0,0,2,13,0,0,0,1,0,0,0,0,0,0.617093887,0.757776976,0.0149497,0,0,1,0,0,0,0,6,1,1,17/12/2016 21:30,0,0,0,0,0,1.756631272,1.389820563,1.756631272,0.632043587,0.163950302,0.0149497,2016,Bundesliga
Darmstadt -- Bayern Munich,0.179414697,0.035239001,0.284406397,0,0.414743498,1,0,0,0,1,2,2,4,0,2,0,0,0,0,0,0.064522997,0.0249702,0.571589722,0,0.556641197,0,0,1,0,1,1,1,9,0,2,18/12/2016 18:30,0,0,0,0,1,0.913803593,1.217724116,0.913803593,1.217724116,0.629397196,0.646134393,2016,Bundesliga
Bayer Leverkusen -- Ingolstadt,0,0,0.52762131,0,0.0438454,0,0,2,0,1,0,0,4,0,1,0,0,1,0,0,0.109827496,0.217226997,1.347310394,0,0.618164003,1,1,3,0,2,2,1,12,0,2,18/12/2016 20:30,0,1,1,0,0,0.57146671,2.29252889,0.57146671,2.29252889,0.0438454,0.945218496,2016,Bundesliga
Borussia Dortmund -- Augsburg,0.135992203,0.035176099,1.516290687,0,0.294403698,1,1,5,0,1,3,2,14,0,4,0,0,1,0,0,0,0,1.354633976,0,0.069434702,0,0,3,0,0,0,0,7,0,1,20/12/2016 23:00,0,0,1,0,0,1.981862688,1.424068678,1.981862688,1.424068678,0.465572,0.069434702,2016,Bundesliga
Borussia M.Gladbach -- Wolfsburg,0,0.0856185,1.290525699,0,0.191568702,0,0,3,0,1,0,3,15,0,2,0,0,1,0,0,0.040868402,0.129910003,2.112701785,0,0,1,0,6,0,0,1,3,14,0,0,20/12/2016 23:00,0,0,2,0,0,1.567712901,2.28348019,1.567712901,2.28348019,0.277187202,0.170778405,2016,Bundesliga
Eintracht Frankfurt -- Mainz 05,0,0.049290901,1.71364086,0,0,0,0,4,0,0,0,2,7,0,0,0,0,3,0,0,0,0.169372294,0.257078501,0,0.731901104,0,1,4,0,1,0,2,6,0,3,20/12/2016 23:00,0,0,0,0,0,1.762931761,1.158351899,1.762931761,1.158351899,0.049290901,0.901273398,2016,Bundesliga
Hamburger SV -- Schalke 04,0,0,1.633636624,0.757776976,0.360027999,0,0,5,1,1,0,0,9,1,1,0,0,2,0,0,0,0.176794805,0.263019495,0,0,0,1,2,0,0,0,2,4,0,0,20/12/2016 23:00,0,0,1,0,0,2.751441598,0.439814299,1.993664622,0.439814299,0.360027999,0.176794805,2016,Bundesliga
Bayern Munich -- RasenBallsport Leipzig,0.049516398,0.258095196,4.128084643,0.757776976,0.0106477,1,2,7,1,0,1,4,17,1,1,0,0,2,1,0,0,0.061077598,0.047531039,0,0.0272884,0,1,1,0,0,0,1,2,0,1,21/12/2016 23:00,0,0,0,0,0,5.204120913,0.135897037,4.446343937,0.135897037,0.318259294,0.088365998,2016,Bundesliga
FC Cologne -- Bayer Leverkusen,0,0.097333502,0.469059581,0,0.155229002,0,0,2,0,0,0,2,7,0,2,0,0,1,0,0,0.023736101,0.1617014,1.197883419,0,0.072910398,0,0,6,0,0,1,2,14,0,1,21/12/2016 23:00,0,0,1,0,0,0.721622086,1.456231317,0.721622086,1.456231317,0.252562504,0.258347899,2016,Bundesliga
Hertha Berlin -- Darmstadt,0.147122301,0.764323395,0.631612502,0,0.5065309,1,0,3,0,1,2,4,8,0,2,1,0,0,0,1,0,0.050670698,0.497657407,0,0.527918994,0,0,0,0,0,0,1,3,0,1,21/12/2016 23:00,0,0,0,0,0,2.049589097,1.0762471,2.049589097,1.0762471,1.417976595,0.578589693,2016,Bundesliga
Hoffenheim -- Werder Bremen,0,0.538201988,0.960953092,0,0.0114383,0,1,2,0,0,0,1,10,0,1,0,1,0,0,0,0,0.1373275,0.408791301,0,0,0,1,2,0,0,0,3,7,0,0,21/12/2016 23:00,0,0,1,0,0,1.51059338,0.546118801,1.51059338,0.546118801,0.549640288,0.1373275,2016,Bundesliga
Ingolstadt -- Freiburg,0.177876599,0.601961001,0.450721895,0,0.053736601,2,1,3,0,0,2,5,9,0,1,1,0,0,0,0,0,0.212154303,0.537810713,0.757776976,0.043587901,0,0,3,1,1,0,4,5,1,1,21/12/2016 23:00,0,0,1,1,0,1.284296096,1.551329892,1.284296096,0.793552916,0.833574201,0.255742203,2016,Bundesliga
Freiburg -- Bayern Munich,0.049130298,0,0.647171186,0,0,0,0,3,0,0,1,0,10,0,0,0,0,1,0,0,0,0.213284597,0.391584499,0,0,0,2,3,0,0,0,5,8,0,0,20/01/2017 19:30,0,1,1,0,0,0.696301484,0.604869096,0.696301484,0.604869096,0.049130298,0.213284597,2016,Bundesliga
Werder Bremen -- Borussia Dortmund,0,0,0.3142917,0,0.392539501,0,0,4,0,1,0,0,7,0,2,0,0,1,0,0,0.0846745,0.5588324,2.249995757,0,0,0,1,7,0,0,2,2,18,0,0,21/01/2017 14:30,0,1,1,0,0,0.706831201,2.893502656,0.706831201,2.893502656,0.392539501,0.643506899,2016,Bundesliga
Augsburg -- Hoffenheim,0.081090502,0.0155664,0.294066514,0,0.061066601,0,0,1,0,1,1,1,7,0,1,0,0,0,0,0,0.123008002,0,1.692192202,0,0.079835501,0,0,2,0,1,2,0,8,0,3,21/01/2017 17:30,0,0,2,0,0,0.451790018,1.895035705,0.451790018,1.895035705,0.157723504,0.202843502,2016,Bundesliga
Darmstadt -- Borussia M.Gladbach,0.089502797,0.504927397,0.2078053,0,0,0,1,1,0,0,1,2,5,0,0,0,0,0,0,0,0,0.229222601,1.041296311,0,0,0,1,2,0,0,0,4,10,0,0,21/01/2017 17:30,0,0,0,0,0,0.802235493,1.270518912,0.802235493,1.270518912,0.594430193,0.229222601,2016,Bundesliga
Schalke 04 -- Ingolstadt,0,0.251360305,1.58455037,0,0.193712197,0,1,3,0,0,0,3,10,0,2,0,0,1,0,0,0.0269545,0.035390198,0.428855703,0,0.032536499,1,0,2,0,0,1,1,10,0,2,21/01/2017 17:30,0,0,0,0,0,2.029622872,0.523736901,2.029622872,0.523736901,0.445072502,0.094881197,2016,Bundesliga
Wolfsburg -- Hamburger SV,0,0.116711299,1.018929578,0,0,0,1,2,0,0,0,3,8,0,0,0,0,1,0,0,0.139397398,0,0.500150205,0,0.037561401,0,0,1,0,0,2,0,7,0,2,21/01/2017 17:30,0,0,0,0,0,1.135640877,0.677109004,1.135640877,0.677109004,0.116711299,0.176958798,2016,Bundesliga
RasenBallsport Leipzig -- Eintracht Frankfurt,0.111783199,0.078949697,2.265980313,0,0.645240821,1,0,4,0,2,2,1,12,0,2,0,0,0,0,2,0,0.017367899,0.634182274,0,0.013753,0,0,2,0,1,0,1,3,0,1,21/01/2017 20:30,0,0,0,0,0,3.10195403,0.665303173,3.10195403,0.665303173,0.835973717,0.031120899,2016,Bundesliga
Bayer Leverkusen -- Hertha Berlin,0,0.228542599,0.723683398,0.757695973,0.49781999,0,0,6,1,1,0,4,10,1,1,0,0,1,1,1,0,0.610478915,0.620125097,0,0,0,2,1,0,0,0,2,5,0,0,22/01/2017 17:30,0,1,0,0,0,2.20774196,1.230604012,1.450045987,1.230604012,0.726362589,0.610478915,2016,Bundesliga
Mainz 05 -- FC Cologne,0,0.065169001,0.431570806,0,0,0,1,4,0,0,0,3,9,0,0,0,0,0,0,0,0,0,0.352938196,0,0.054870199,0,0,2,0,1,0,0,8,0,1,22/01/2017 19:30,0,0,0,0,0,0.496739807,0.407808395,0.496739807,0.407808395,0.065169001,0.054870199,2016,Bundesliga
Schalke 04 -- Eintracht Frankfurt,0,0.084756898,0.377740409,0,0.163965302,0,0,1,0,1,0,2,7,0,3,0,0,0,0,0,0,0,0.209434096,0,0.206631996,0,0,0,0,1,0,0,5,0,3,27/01/2017 22:30,0,0,0,0,1,0.626462609,0.416066092,0.626462609,0.416066092,0.248722199,0.206631996,2016,Bundesliga
Darmstadt -- FC Cologne,0,0.128042605,0.674111857,0.757776976,0,0,1,2,1,0,0,2,7,1,1,0,0,0,1,0,0.364567701,0,2.85536983,0,0.064536802,0,0,7,0,0,3,0,10,0,1,28/01/2017 17:30,0,0,5,0,0,1.559931437,3.284474333,0.802154462,3.284474333,0.128042605,0.429104503,2016,Bundesliga
Ingolstadt -- Hamburger SV,0.075196698,0.069496498,0.364355301,0.757776976,0.149031203,1,0,4,1,1,1,1,9,1,3,1,0,1,1,0,0.073247597,0.238373395,0.092755101,0,0.086728198,0,1,2,0,0,1,4,4,0,2,28/01/2017 17:30,0,0,1,0,0,1.415856675,0.491104291,0.6580797,0.491104291,0.293724399,0.39834919,2016,Bundesliga
RasenBallsport Leipzig -- Hoffenheim,0,0.106293703,1.298369512,0,0.0745693,0,1,4,0,0,0,2,11,0,1,0,0,2,0,0,0.056302199,0.056771901,0.680184702,0,0,0,1,1,0,0,2,1,2,0,0,28/01/2017 17:30,0,0,1,0,0,1.479232515,0.793258802,1.479232515,0.793258802,0.180863003,0.1130741,2016,Bundesliga
Werder Bremen -- Bayern Munich,0,0,0.695165211,0,0.045420399,0,0,4,0,0,0,0,9,0,2,0,0,1,0,0,0.0520017,0.083863102,0.438816601,0,0.089682201,1,1,2,0,0,1,2,8,0,2,28/01/2017 17:30,1,0,1,0,0,0.74058561,0.664363604,0.74058561,0.664363604,0.045420399,0.225547003,2016,Bundesliga
Wolfsburg -- Augsburg,0,0.390525013,0.488933906,0,0.649913013,0,0,4,0,1,0,1,9,0,1,0,0,0,0,1,0,0,2.026814394,0,0.099563297,0,0,4,0,1,0,0,9,0,2,28/01/2017 17:30,0,0,2,0,0,1.529371932,2.126377691,1.529371932,2.126377691,1.040438026,0.099563297,2016,Bundesliga
Bayer Leverkusen -- Borussia M.Gladbach,0,1.157602891,0.37817651,0,0,0,3,0,0,0,0,6,6,0,0,0,2,0,0,0,0,0.048450399,1.820514087,0,0.032048602,0,0,6,0,1,0,2,9,0,1,28/01/2017 20:30,0,0,3,0,0,1.535779402,1.901013087,1.535779402,1.901013087,1.157602891,0.080499001,2016,Bundesliga
Freiburg -- Hertha Berlin,0,0,0.618883103,0,0,0,0,4,0,0,0,0,11,0,0,0,0,2,0,0,0.093129501,0.111934498,0.324122497,0,0,0,0,2,0,0,2,2,7,0,0,29/01/2017 17:30,0,0,1,0,0,0.618883103,0.529186496,0.618883103,0.529186496,0,0.205063999,2016,Bundesliga
Mainz 05 -- Borussia Dortmund,0,0.090915702,0.566529094,0,0.024068199,0,0,1,0,0,0,1,7,0,1,0,0,1,0,0,0.126757104,0.1791787,0.862706007,0,0,2,0,2,0,0,2,3,8,0,0,29/01/2017 19:30,0,0,1,0,0,0.681512996,1.168641811,0.681512996,1.168641811,0.114983901,0.305935804,2016,Bundesliga
Hamburger SV -- Bayer Leverkusen,0,0.152117502,0.834149396,0,0.11060295,0,0,1,0,2,0,5,3,0,3,0,0,0,0,1,0,0.164359406,0.094546601,0,0,0,0,0,0,0,0,2,3,0,0,03/02/2017 19:30,0,0,0,0,0,1.096869848,0.258906007,1.096869848,0.258906007,0.262720452,0.164359406,2016,Bundesliga
Bayern Munich -- Schalke 04,0,0.166205201,1.041824302,0,0,0,1,3,0,0,0,6,6,0,0,0,0,1,0,0,0.058836501,0,0.874393102,0,0,1,0,2,0,0,1,0,6,0,0,04/02/2017 14:30,1,0,0,0,0,1.208029503,0.933229603,1.208029503,0.933229603,0.166205201,0.058836501,2016,Bundesliga
Borussia M.Gladbach -- Freiburg,0,0.0304852,1.866050303,0,0,0,0,3,0,0,0,1,10,0,0,0,0,3,0,0,0.033116501,0.101427499,0.411478998,0,0,0,0,4,0,0,1,4,9,0,0,04/02/2017 14:30,0,0,0,0,0,1.896535503,0.546022998,1.896535503,0.546022998,0.0304852,0.134544,2016,Bundesliga
FC Cologne -- Wolfsburg,0,0.0355353,0.382371996,0.757776976,0.0185144,0,0,1,1,0,0,2,8,1,1,0,0,0,1,0,0.093690999,0.064962298,0.451949007,0,0.0102493,0,0,1,0,0,1,1,9,0,1,04/02/2017 14:30,0,0,0,0,0,1.194198672,0.620851603,0.436421696,0.620851603,0.0540497,0.168902596,2016,Bundesliga
Hertha Berlin -- Ingolstadt,0,0,0.800682641,0,0.0100018,0,0,2,0,0,0,0,7,0,1,0,0,1,0,0,0.034466099,0.0367825,0.289124004,0,0.162684202,0,1,3,0,0,1,3,7,0,2,04/02/2017 14:30,0,0,0,0,0,0.810684441,0.523056805,0.810684441,0.523056805,0.0100018,0.233932802,2016,Bundesliga
Hoffenheim -- Mainz 05,0.069159701,0,1.872914284,0,0.49515301,1,0,5,0,1,1,0,20,0,1,0,0,3,0,1,0.077910103,0.0307476,0.761734508,0,0.0257034,0,0,2,0,0,1,1,9,0,2,04/02/2017 14:30,0,0,0,0,0,2.437226996,0.896095611,2.437226996,0.896095611,0.564312711,0.134361103,2016,Bundesliga
Borussia Dortmund -- RasenBallsport Leipzig,0,0.0169889,3.107394319,0,0,0,0,3,0,0,0,1,10,0,0,0,0,1,0,0,0,0,0,0,0.0680623,0,0,0,0,1,0,0,0,0,2,04/02/2017 17:30,0,0,0,0,0,3.124383219,0.0680623,3.124383219,0.0680623,0.0169889,0.0680623,2016,Bundesliga
Augsburg -- Werder Bremen,0.100649001,0.0148687,1.363397334,0,0.116277702,2,0,4,0,1,3,1,8,0,3,0,0,3,0,0,0.082797501,0.097653002,0.855816288,0.757776976,0.535398006,1,0,1,1,1,2,1,14,1,1,05/02/2017 14:30,0,0,0,1,1,1.595192737,2.329441773,1.595192737,1.571664797,0.231795403,0.715848509,2016,Bundesliga
Eintracht Frankfurt -- Darmstadt,0.1674501,0,1.475888696,0.757776976,0,1,0,4,1,0,2,0,12,1,0,0,0,1,1,0,0,0.069133997,0.135364597,0,0.046006002,0,0,0,0,0,0,1,2,0,1,05/02/2017 16:30,0,0,0,0,0,2.401115771,0.250504595,1.643338796,0.250504595,0.1674501,0.115139998,2016,Bundesliga
Mainz 05 -- Augsburg,0.044356,0,0.792122701,0.757776976,0.041384801,0,0,2,1,1,1,0,5,1,1,0,0,1,1,0,0.107928302,0,0.31953327,0,0,1,0,5,0,0,2,0,8,0,0,10/02/2017 19:30,0,0,0,0,0,1.635640478,0.427461572,0.877863502,0.427461572,0.085740801,0.107928302,2016,Bundesliga
Bayer Leverkusen -- Eintracht Frankfurt,0,0.311468706,2.125892872,0,0.116350397,0,1,5,0,1,0,5,9,0,3,0,0,3,0,0,0.049968399,0.0202989,0.543407109,0,0.0191932,0,1,2,0,0,1,1,6,0,1,11/02/2017 14:30,0,0,0,0,0,2.553711974,0.632867608,2.553711974,0.632867608,0.427819102,0.0894605,2016,Bundesliga
Darmstadt -- Borussia Dortmund,0.041654099,0,1.464139489,0,0.433642264,0,0,7,0,1,1,0,12,0,2,0,0,2,0,0,0.067528598,0.293696003,0.332893193,0,0.052634899,0,2,2,0,0,1,6,5,0,1,11/02/2017 14:30,0,0,1,0,0,1.939435853,0.746752692,1.939435853,0.746752692,0.475296363,0.4138595,2016,Bundesliga
Ingolstadt -- Bayern Munich,0,0.292435195,0.147221599,0,0.0229925,0,0,0,0,0,0,3,3,0,2,0,0,0,0,0,0.0306089,0.193863899,1.591473866,0,0.075106099,0,0,4,0,0,1,3,11,0,2,11/02/2017 14:30,0,0,2,0,0,0.462649294,1.891052764,0.462649294,1.891052764,0.315427695,0.299578898,2016,Bundesliga
RasenBallsport Leipzig -- Hamburger SV,0.046115499,0.167148404,1.152016097,0,0.031746,0,0,0,0,0,1,2,11,0,1,0,0,0,0,0,0.0377283,0.153696803,1.290672809,0,0,0,2,3,0,0,2,3,6,0,0,11/02/2017 14:30,0,2,1,0,0,1.397026,1.482097913,1.397026,1.482097913,0.245009903,0.191425104,2016,Bundesliga
Werder Bremen -- Borussia M.Gladbach,0.040626999,0.100975402,0.781693598,0,0.138440602,0,1,4,0,1,1,3,9,0,3,0,0,0,0,0,0.156086996,0,1.153557895,0,0.0165259,0,0,3,0,0,1,0,10,0,1,11/02/2017 14:30,0,0,1,0,0,1.061736601,1.326170791,1.061736601,1.326170791,0.280043003,0.172612896,2016,Bundesliga
Schalke 04 -- Hertha Berlin,0.0408439,0.0554168,1.109215219,0,0,0,0,3,0,0,1,1,12,0,0,0,0,2,0,0,0,0,0.505830903,0,0.071452402,0,0,1,0,1,0,0,4,0,1,11/02/2017 17:30,0,0,0,0,0,1.205475919,0.577283304,1.205475919,0.577283304,0.0962607,0.071452402,2016,Bundesliga
Wolfsburg -- Hoffenheim,0.039353602,0.087405199,1.268606873,0,0.961453797,0,1,5,0,1,1,3,7,0,2,0,1,0,0,1,0.119185999,0.163358396,0.572779593,0,0.0215625,0,1,6,0,0,1,3,9,0,1,12/02/2017 14:30,0,0,1,0,0,2.356819471,0.876886488,2.356819471,0.876886488,1.088212598,0.304106895,2016,Bundesliga
Freiburg -- FC Cologne,0.097606696,0.041812301,0.160259699,0,0.6471349,2,0,3,0,1,3,2,4,0,3,0,0,1,0,1,0.043938302,0,1.675334007,0,0.066597097,0,0,4,0,1,1,0,10,0,1,12/02/2017 16:30,0,0,1,0,0,0.946813595,1.785869405,0.946813595,1.785869405,0.786553897,0.110535398,2016,Bundesliga
Augsburg -- Bayer Leverkusen,0,0.015805701,0.928948375,0,0.505057704,0,0,2,0,2,0,1,8,0,3,0,0,0,0,1,0.0531452,0.058874,2.280086776,0,1.282323003,0,0,8,0,2,1,1,16,0,2,17/02/2017 19:30,0,0,2,0,1,1.44981178,3.674428979,1.44981178,3.674428979,0.520863404,1.394342203,2016,Bundesliga
Borussia Dortmund -- Wolfsburg,0.097004298,0.391486698,1.522222219,0,0.512591086,0,1,8,0,1,2,4,16,0,2,0,0,1,0,1,0.034665398,0.040819898,0.138196699,0,0,1,0,2,0,0,1,2,4,0,0,18/02/2017 14:30,0,0,0,0,0,2.523304301,0.213681996,2.523304301,0.213681996,1.001082082,0.075485297,2016,Bundesliga
Eintracht Frankfurt -- Ingolstadt,0,0.119765997,1.193632266,0.757776976,0.2121903,0,0,4,1,0,0,1,11,1,2,0,0,0,0,0,0.126341,0.126972301,0.352583906,0.757776976,0.00933935,1,2,6,1,1,1,3,8,1,1,18/02/2017 14:30,0,1,0,1,0,2.283365538,1.373013533,1.525588563,0.615236557,0.331956297,0.262652651,2016,Bundesliga
Hertha Berlin -- Bayern Munich,0,0.109864499,0.342313405,0,0.473140001,0,0,1,0,1,0,2,8,0,1,0,0,0,0,1,0.160174202,0.020519201,0.326986898,0,0.852223918,1,0,3,0,2,2,1,10,0,3,18/02/2017 14:30,0,0,0,0,1,0.925317906,1.359904218,0.925317906,1.359904218,0.583004501,1.032917321,2016,Bundesliga
Hoffenheim -- Darmstadt,0,0.026557,0.853685487,0.757776976,0.094370302,0,0,4,1,0,0,1,10,1,2,0,0,1,1,0,0,0.024385201,0.2924632,0,0,0,0,4,0,0,0,1,6,0,0,18/02/2017 14:30,0,0,0,0,0,1.732389765,0.316848401,0.974612789,0.316848401,0.120927302,0.024385201,2016,Bundesliga
Mainz 05 -- Werder Bremen,0.043239001,0.145657301,0.598694641,0,0.069056898,0,0,3,0,1,1,2,9,0,1,0,0,0,0,0,0.089736797,0.0266707,0.229044706,0,0.227969997,1,1,1,0,1,1,2,3,0,2,18/02/2017 14:30,1,1,0,0,0,0.856647842,0.573422199,0.856647842,0.573422199,0.2579532,0.344377493,2016,Bundesliga
Hamburger SV -- Freiburg,0.064243503,0,0.803158268,0.757776976,0.010734,0,0,2,1,1,1,0,3,1,1,0,0,2,0,0,0,0.030861201,0.90943511,0,0,0,1,2,0,0,0,1,11,0,0,18/02/2017 17:30,0,0,2,0,0,1.635912747,0.940296311,0.878135771,0.940296311,0.074977503,0.030861201,2016,Bundesliga
Borussia M.Gladbach -- RasenBallsport Leipzig,0,0.067469399,0.530548299,0.757776976,0.033540301,0,1,1,1,0,0,2,8,1,1,0,1,0,0,0,0,0,0.73473021,0,0.0203596,0,0,4,0,1,0,0,8,0,1,19/02/2017 14:30,0,0,2,0,0,1.389334975,0.75508981,0.631557999,0.75508981,0.1010097,0.0203596,2016,Bundesliga
FC Cologne -- Schalke 04,0.058357298,0.0449025,0.108692002,0,0.090244703,1,0,2,0,1,1,1,5,0,1,0,0,1,0,0,0.0900844,0,1.63037369,0,0.055319998,2,0,2,0,0,2,0,9,0,1,19/02/2017 16:30,0,0,1,0,0,0.302196503,1.775778089,0.302196503,1.775778089,0.193504501,0.145404398,2016,Bundesliga
Wolfsburg -- Werder Bremen,0.185758397,1.15598828,0.56087214,0,0.271412291,0,1,4,0,1,3,5,15,0,4,0,1,0,0,0,0,0,0.411893304,0,0.713546008,0,0,2,0,1,0,0,5,0,2,24/02/2017 19:30,0,0,1,0,1,2.174031108,1.125439312,2.174031108,1.125439312,1.613158967,0.713546008,2016,Bundesliga
Bayer Leverkusen -- Mainz 05,0.0984658,0.566563888,0.341803703,0,0.00939588,1,1,1,0,0,2,2,7,0,1,0,0,0,0,0,0.032717101,0.279657006,1.03183722,0,0.025301,1,1,3,0,0,1,1,7,0,2,25/02/2017 14:30,1,1,0,0,0,1.016229271,1.369512328,1.016229271,1.369512328,0.674425568,0.337675108,2016,Bundesliga
Bayern Munich -- Hamburger SV,0,0.031010199,2.719435979,0.757776976,0.138959005,0,0,11,1,0,0,1,15,1,1,0,0,7,1,0,0.090408899,0.0130168,0.12550211,0,0,1,0,0,0,0,1,1,3,0,0,25/02/2017 14:30,0,0,0,0,0,3.647182159,0.22892781,2.889405183,0.22892781,0.169969205,0.103425699,2016,Bundesliga
Darmstadt -- Augsburg,0,0,0.680607716,0,0,0,0,2,0,0,0,0,5,0,0,0,0,1,0,0,0.133365797,0,0.797852908,0.757776976,0.130966395,0,0,2,1,0,3,0,12,1,2,25/02/2017 14:30,0,0,1,1,0,0.680607716,1.819962076,0.680607716,1.0621851,0,0.264332192,2016,Bundesliga
Freiburg -- Borussia Dortmund,0.036166798,0.129251301,0.152987103,0,0,0,2,1,0,0,1,2,4,0,0,0,0,0,0,0,0.0307143,0.053658199,4.682415996,0,0.523322009,0,0,7,0,3,1,1,22,0,3,25/02/2017 14:30,0,0,2,0,1,0.318405203,5.290110502,0.318405203,5.290110502,0.1654181,0.607694507,2016,Bundesliga
RasenBallsport Leipzig -- FC Cologne,0,0.211655302,0.473469194,0,0.259748995,0,1,3,0,1,0,5,7,0,1,0,0,2,0,0,0,0,0.696948108,0,0,0,0,1,0,0,0,0,6,0,0,25/02/2017 14:30,0,0,1,0,0,0.944873491,0.696948108,0.944873491,0.696948108,0.471404297,0,2016,Bundesliga
Hertha Berlin -- Eintracht Frankfurt,0,0.351147406,0.392459299,0,0,0,2,2,0,0,0,4,2,0,0,0,1,1,0,0,0.043390401,0.0973147,0.410062215,0,0,0,1,1,0,0,1,3,4,0,0,25/02/2017 17:30,0,0,0,0,0,0.743606705,0.550767316,0.743606705,0.550767316,0.351147406,0.140705101,2016,Bundesliga
Ingolstadt -- Borussia M.Gladbach,0,0.471713904,0.395297797,0,0.0097747,0,1,2,0,0,0,3,10,0,1,0,0,0,0,0,0,0.723897681,0.382875403,0,0.051802,0,1,3,0,0,0,3,5,0,2,26/02/2017 14:30,0,1,1,0,0,0.876786401,1.158575084,0.876786401,1.158575084,0.481488604,0.775699681,2016,Bundesliga
Schalke 04 -- Hoffenheim,0,0.042546201,0.232392105,0,0.00753567,0,0,2,0,0,0,1,5,0,1,0,0,1,0,0,0,0,0.775129511,0,0.135788099,0,0,3,0,1,0,0,11,0,3,26/02/2017 16:30,0,0,1,0,0,0.282473977,0.91091761,0.282473977,0.91091761,0.050081871,0.135788099,2016,Bundesliga
Augsburg -- RasenBallsport Leipzig,0.042718999,0,0.7736411,0,0.00902701,0,0,2,0,0,1,0,5,0,1,0,0,2,0,0,0.063685603,0.551349007,0.76501501,0,0,1,1,3,0,0,1,4,7,0,0,03/03/2017 19:30,0,1,1,0,0,0.825387109,1.38004962,0.825387109,1.38004962,0.051746009,0.61503461,2016,Bundesliga
Borussia Dortmund -- Bayer Leverkusen,0,0.870047104,2.661511514,0.757776976,0.634765029,0,1,9,1,1,0,3,15,1,1,0,1,3,1,1,0.0824003,0.069676498,0.437151302,0,0.0454686,1,0,2,0,0,1,2,7,0,2,04/03/2017 14:30,1,0,1,0,0,4.924100623,0.634696699,4.166323647,0.634696699,1.504812133,0.197545397,2016,Bundesliga
FC Cologne -- Bayern Munich,0,0,0.135521701,0,0.0488695,0,0,2,0,0,0,0,4,0,2,0,0,0,0,0,0.034391999,0.823856202,0.750756609,0,0,0,1,6,0,0,1,8,11,0,0,04/03/2017 14:30,0,1,2,0,0,0.184391201,1.60900481,0.184391201,1.60900481,0.0488695,0.858248201,2016,Bundesliga
Hoffenheim -- Ingolstadt,0,0.068311401,1.813573721,0,0.124363098,0,1,10,0,1,0,2,14,0,2,0,1,3,0,1,0.047492702,0.192033498,0.524903789,0,0,1,2,1,0,0,1,3,4,0,0,04/03/2017 14:30,0,0,1,0,0,2.00624822,0.764429988,2.00624822,0.764429988,0.192674499,0.239526199,2016,Bundesliga
Mainz 05 -- Wolfsburg,0.055169102,0.136921102,0.712447817,0,0.0384772,0,0,2,0,0,1,3,4,0,2,0,0,1,0,0,0,0.593045495,0.160219703,0,0,0,2,3,0,0,0,2,5,0,0,04/03/2017 14:30,0,1,0,0,0,0.943015221,0.753265198,0.943015221,0.753265198,0.230567404,0.593045495,2016,Bundesliga
Werder Bremen -- Darmstadt,0,0,1.241144981,0.757776976,0,0,0,3,1,0,0,0,8,1,0,0,0,1,1,0,0,0.61363741,1.0679996,0,0,0,1,2,0,0,0,3,12,0,0,04/03/2017 14:30,0,0,0,0,0,1.998921957,1.681637011,1.241144981,1.681637011,0,0.61363741,2016,Bundesliga
Borussia M.Gladbach -- Schalke 04,0.119868502,0.0798738,2.797002234,0,0.024897899,0,0,7,0,0,2,2,14,0,1,0,0,4,0,0,0,0,0.540587001,0.757776976,0,0,0,1,1,0,0,0,7,1,0,04/03/2017 17:30,0,0,1,1,0,3.021642435,1.298363976,3.021642435,0.540587001,0.224640202,0,2016,Bundesliga
Eintracht Frankfurt -- Freiburg,0.107969001,0.121347202,1.391148601,0,0.106794302,0,0,3,0,0,1,2,9,0,3,0,0,1,0,0,0,0,1.600970487,0,0.040898599,0,0,3,0,0,0,0,9,0,1,05/03/2017 14:30,0,0,2,0,0,1.727259106,1.641869086,1.727259106,1.641869086,0.336110505,0.040898599,2016,Bundesliga
Hamburger SV -- Hertha Berlin,0,0.051892599,0.568273607,0,0.076337501,0,0,3,0,0,0,2,5,0,2,0,0,1,0,0,0,0.066897497,0.255906098,0,0.062939599,0,0,1,0,0,0,1,6,0,1,05/03/2017 16:30,0,0,0,0,0,0.696503707,0.385743193,0.696503707,0.385743193,0.1282301,0.129837096,2016,Bundesliga
Bayer Leverkusen -- Werder Bremen,0,0.034473,0.861121686,0.757776976,0,0,1,5,1,0,0,2,9,1,0,0,0,1,0,0,0.0511363,0.116370998,0.319800403,0,0.50210801,0,1,1,0,1,1,1,7,0,2,10/03/2017 19:30,0,0,0,0,1,1.653371662,0.989415711,0.895594686,0.989415711,0.034473,0.669615308,2016,Bundesliga
Bayern Munich -- Eintracht Frankfurt,0.068132699,0.024579841,2.77307339,0,0.065419398,0,1,5,0,0,1,2,12,0,1,0,0,3,0,0,0,0,0.753533356,0,0,0,0,4,0,0,0,0,10,0,0,11/03/2017 14:30,0,0,0,0,0,2.931205328,0.753533356,2.931205328,0.753533356,0.158131937,0,2016,Bundesliga
Darmstadt -- Mainz 05,0.124976195,0.412814401,0.308658995,0.757776976,0.057907902,2,1,1,1,0,2,5,2,1,1,0,1,0,1,0,0.096804302,1.064446308,0.188947506,0,0,1,3,1,0,0,2,6,5,0,0,11/03/2017 14:30,0,1,0,0,0,1.662134469,1.350198116,0.904357493,1.350198116,0.595698498,1.16125061,2016,Bundesliga
Freiburg -- Hoffenheim,0,0,0.257976601,0.757776976,0.535797,0,0,2,1,1,0,0,4,1,1,0,0,0,0,1,0.135638203,0.104210697,1.359495198,0,0.050776102,0,0,6,0,1,2,3,16,0,2,11/03/2017 14:30,0,0,1,0,0,1.551550576,1.650120201,0.793773601,1.650120201,0.535797,0.290625002,2016,Bundesliga
Hertha Berlin -- Borussia Dortmund,0.178103998,0.314426295,1.190586761,0,0.068085201,1,0,2,0,1,1,3,10,0,2,1,0,1,0,0,0,0.256734397,0.8245939,0,0,0,0,2,0,0,0,6,12,0,0,11/03/2017 14:30,0,0,1,0,0,1.751202255,1.081328297,1.751202255,1.081328297,0.560615495,0.256734397,2016,Bundesliga
RasenBallsport Leipzig -- Wolfsburg,0,0.079728004,0.515200291,0,0,0,1,5,0,0,0,2,9,0,0,0,0,0,0,0,0.044637401,0.113885503,1.517023897,0,0.054770801,0,0,4,0,1,1,2,11,0,1,11/03/2017 14:30,0,0,1,0,0,0.594928294,1.730317602,0.594928294,1.730317602,0.079728004,0.213293705,2016,Bundesliga
Ingolstadt -- FC Cologne,0.188440103,0.45786559,0.785526852,0,0,1,0,8,0,0,3,8,15,0,0,0,0,2,0,0,0,0,0.523769092,0.757776976,0,0,0,1,1,0,0,0,6,1,0,11/03/2017 17:30,0,0,1,1,0,1.431832545,1.281546067,1.431832545,0.523769092,0.646305693,0,2016,Bundesliga
Schalke 04 -- Augsburg,0,1.103674311,2.661504874,0,0,0,2,5,0,0,0,5,20,0,0,0,1,2,0,0,0.057043102,0,0.176170199,0.757776976,0.062362099,1,0,1,1,0,1,0,5,1,2,12/03/2017 14:30,0,0,0,0,0,3.765179185,1.053352376,3.765179185,0.2955754,1.103674311,0.119405201,2016,Bundesliga
Hamburger SV -- Borussia M.Gladbach,0,0.257701805,1.129795572,0,0.070003301,0,1,5,0,0,0,5,11,0,1,0,0,2,0,0,0,0,1.251196884,0,0.1030591,0,0,2,0,1,0,0,5,0,2,12/03/2017 16:30,0,0,0,0,1,1.457500678,1.354255984,1.457500678,1.354255984,0.327705106,0.1030591,2016,Bundesliga
Borussia Dortmund -- Ingolstadt,0.058970999,0.102114502,0.419099007,0,0,0,1,1,0,0,1,3,6,0,0,0,0,1,0,0,0,0.44216001,0.902823395,0,0.0310934,0,1,1,0,0,0,1,12,0,1,17/03/2017 19:30,0,0,0,0,0,0.580184508,1.376076805,0.580184508,1.376076805,0.161085501,0.47325341,2016,Bundesliga
Augsburg -- Freiburg,0,0.356647706,0.758696398,0,0.037481599,0,0,2,0,1,0,4,10,0,1,0,0,1,0,0,0,0.075403802,0.147570597,0.757776976,0.058320601,0,0,1,1,1,0,1,4,1,1,18/03/2017 14:30,0,0,0,1,0,1.152825702,1.039071975,1.152825702,0.281295,0.394129304,0.133724403,2016,Bundesliga
FC Cologne -- Hertha Berlin,0,0,1.058402199,0,0,0,0,6,0,0,0,0,7,0,0,0,0,4,0,0,0,0.143208502,0.798993034,0.757776976,0,0,2,3,1,0,0,2,5,1,0,18/03/2017 14:30,0,1,0,1,0,1.058402199,1.699978512,1.058402199,0.942201536,0,0.143208502,2016,Bundesliga
Hoffenheim -- Bayer Leverkusen,0.147912994,0.070177197,1.02886733,0,0.512626596,0,0,3,0,1,1,1,8,0,3,0,0,1,0,0,0.057174899,0.061434001,0.789989797,0,0.083843902,1,1,5,0,0,1,1,13,0,1,18/03/2017 14:30,0,0,0,0,0,1.759584118,0.992442599,1.759584118,0.992442599,0.730716787,0.202452801,2016,Bundesliga
Werder Bremen -- RasenBallsport Leipzig,0,0,1.293741183,0,0.1001274,0,0,3,0,1,0,0,7,0,2,0,0,2,0,1,0,0.109438002,0.579960706,0,0,0,0,2,0,0,0,1,6,0,0,18/03/2017 14:30,0,0,0,0,0,1.393868583,0.689398708,1.393868583,0.689398708,0.1001274,0.109438002,2016,Bundesliga
Wolfsburg -- Darmstadt,0,0.4015863,1.880124121,0,0,0,0,4,0,0,0,7,13,0,0,0,0,1,0,0,0.087925397,0,0.657783303,0,0,0,0,1,0,0,1,0,5,0,0,18/03/2017 14:30,0,0,0,0,0,2.281710421,0.7457087,2.281710421,0.7457087,0.4015863,0.087925397,2016,Bundesliga
Eintracht Frankfurt -- Hamburger SV,0,0.0216933,0.697912008,0,0.316301901,0,0,0,0,1,0,1,2,0,4,0,0,0,0,0,0.040740602,0.0270061,0.066979101,0,0,0,0,0,0,0,1,2,2,0,0,18/03/2017 17:30,0,0,0,0,0,1.035907209,0.134725803,1.035907209,0.134725803,0.337995201,0.067746702,2016,Bundesliga
Mainz 05 -- Schalke 04,0.077834299,0.132952807,0.362329999,0,0.072144501,0,3,1,0,1,2,4,10,0,2,0,0,0,0,0,0,0.019984599,0.991696314,0,0.040274002,0,1,4,0,0,0,1,7,0,1,19/03/2017 14:30,0,0,1,0,0,0.645261605,1.051954915,0.645261605,1.051954915,0.282931606,0.060258601,2016,Bundesliga
Borussia M.Gladbach -- Bayern Munich,0.062062498,0.141077502,0.463151097,0,0.0916705,0,0,1,0,0,1,2,9,0,2,0,0,0,0,0,0,0.235374298,1.991871908,0,0,0,0,6,0,0,0,3,16,0,0,19/03/2017 16:30,0,0,1,0,0,0.757961597,2.227246206,0.757961597,2.227246206,0.2948105,0.235374298,2016,Bundesliga
Hertha Berlin -- Hoffenheim,0,0,0.271858351,0,0,0,0,3,0,0,0,0,5,0,0,0,0,1,0,0,0,0.745687804,1.655949494,0.757776976,0.060954001,0,0,6,1,0,0,10,16,1,1,31/03/2017 19:30,0,0,2,1,0,0.271858351,3.220368274,0.271858351,2.462591299,0,0.806641805,2016,Bundesliga
Bayern Munich -- Augsburg,0,0.724590003,3.061945846,0,0,0,2,6,0,0,0,2,19,0,0,0,1,5,0,0,0,0,0.108627001,0,0.078046203,0,0,2,0,0,0,0,5,0,1,01/04/2017 14:30,0,0,0,0,0,3.78653585,0.186673203,3.78653585,0.186673203,0.724590003,0.078046203,2016,Bundesliga
Freiburg -- Werder Bremen,0.0369776,0.155226503,0.165657481,0.757776976,0.65253653,1,0,1,1,1,1,2,7,1,2,0,0,1,0,1,0.049848199,0.018844901,0.930595396,0,0.048422098,0,1,5,0,1,1,1,8,0,1,01/04/2017 14:30,0,0,4,0,1,1.768175089,1.047710594,1.010398114,1.047710594,0.844740633,0.117115198,2016,Bundesliga
Hamburger SV -- FC Cologne,0,0.103996102,0.673276692,0,0.584219329,0,1,2,0,1,0,3,9,0,2,0,0,1,0,1,0,0.056956101,1.122736879,0,0.0370651,0,0,1,0,0,0,1,5,0,1,01/04/2017 14:30,0,0,1,0,0,1.361492123,1.21675808,1.361492123,1.21675808,0.688215431,0.094021201,2016,Bundesliga
RasenBallsport Leipzig -- Darmstadt,0,0.886460795,3.12609189,0,0,0,3,7,0,0,0,6,19,0,0,0,1,3,0,0,0.017876901,0.068731001,0.965286212,0,0,1,0,0,0,0,1,2,8,0,0,01/04/2017 14:30,0,0,0,0,0,4.012552685,1.051894113,4.012552685,1.051894113,0.886460795,0.086607901,2016,Bundesliga
Schalke 04 -- Borussia Dortmund,0.0296723,0.129438702,0.419513395,0,0,0,2,1,0,0,1,2,6,0,0,0,1,0,0,0,0.031958401,0.0109664,0.873392388,0,0,0,0,2,0,0,1,1,5,0,0,01/04/2017 14:30,0,0,1,0,0,0.578624398,0.916317189,0.578624398,0.916317189,0.159111002,0.042924801,2016,Bundesliga
Eintracht Frankfurt -- Borussia M.Gladbach,0,0.236130007,1.693664402,0.757776976,0.049860399,0,0,2,1,1,0,2,10,1,2,0,0,0,0,0,0,0.084941,0.1208632,0,0,0,0,1,0,0,0,1,5,0,0,01/04/2017 17:30,0,0,0,0,0,2.737431783,0.2058042,1.979654808,0.2058042,0.285990406,0.084941,2016,Bundesliga
Ingolstadt -- Mainz 05,0.104832698,0.323551789,1.080814803,0,0,1,1,3,0,0,3,2,7,0,1,0,1,1,0,0,0,0.062303901,0.604466391,0,0.100775601,0,0,1,0,0,0,1,7,0,2,02/04/2017 14:30,0,0,0,0,0,1.50919929,0.767545893,1.50919929,0.767545893,0.428384487,0.163079502,2016,Bundesliga
Bayer Leverkusen -- Wolfsburg,0,0.027569,0.633692117,0,0.118566997,0,0,3,0,1,0,1,6,0,1,0,0,2,0,1,0,0.182878304,0.86088805,0.757776976,0,0,1,7,1,0,0,4,13,1,0,02/04/2017 16:30,0,1,1,1,0,0.779828114,1.80154333,0.779828114,1.043766354,0.146135997,0.182878304,2016,Bundesliga
Borussia Dortmund -- Hamburger SV,0.140708596,0.0426782,3.785469536,0,0,1,1,8,0,0,2,1,14,0,0,1,0,2,0,0,0,0,0.998458687,0,0.0129895,0,0,6,0,0,0,0,15,0,1,04/04/2017 19:00,0,0,0,0,0,3.968856331,1.011448187,3.968856331,1.011448187,0.183386795,0.0129895,2016,Bundesliga
FC Cologne -- Eintracht Frankfurt,0,0,0.099280102,0,0.710233018,0,0,1,0,0,0,0,3,0,2,0,0,1,0,0,0.124995198,0.140611998,0.385432402,0,0,1,0,1,0,0,2,3,7,0,0,04/04/2017 19:00,0,0,0,0,0,0.80951312,0.651039598,0.80951312,0.651039598,0.710233018,0.265607196,2016,Bundesliga
Hoffenheim -- Bayern Munich,0.032796599,0.0386146,0.901264099,0,0,1,0,3,0,0,1,2,11,0,0,0,0,1,0,0,0.044445001,0.075032501,1.61263662,0,0.165323102,1,0,3,0,1,1,2,15,0,3,04/04/2017 19:00,0,0,0,0,0,0.972675298,1.897437223,0.972675298,1.897437223,0.071411199,0.284800603,2016,Bundesliga
Werder Bremen -- Schalke 04,0.0654829,0.102095202,0.993240427,0.757776976,0.104156002,1,0,3,1,1,1,2,6,1,1,0,0,1,1,1,0,0,0.732736006,0,0,0,0,3,0,0,0,0,15,0,0,04/04/2017 19:00,0,0,0,0,0,2.022751506,0.732736006,1.264974531,0.732736006,0.271734104,0,2016,Bundesliga
Augsburg -- Ingolstadt,0.0508398,0,0.553065233,0.757776976,0,0,0,4,1,0,1,0,11,1,0,0,0,1,1,0,0.036099501,0.213372197,1.050928678,0,0.465105686,0,0,4,0,2,1,3,7,0,2,05/04/2017 19:00,0,0,2,0,1,1.361682009,1.765506063,0.603905033,1.765506063,0.0508398,0.714577384,2016,Bundesliga
Borussia M.Gladbach -- Hertha Berlin,0,0.521455491,1.243002204,0,0.061370901,0,2,4,0,0,0,5,15,0,2,0,0,1,0,0,0.090839699,0.012117,0.760421413,0,0,0,0,2,0,0,1,1,10,0,0,05/04/2017 19:00,0,0,0,0,0,1.825828596,0.863378112,1.825828596,0.863378112,0.582826392,0.102956699,2016,Bundesliga
Darmstadt -- Bayer Leverkusen,0.1877825,0.012485,0.305311105,0,0.043155901,0,0,2,0,0,3,1,8,0,1,0,0,0,0,0,0.068548799,0.082816001,1.901874796,0,0,1,0,6,0,0,1,2,11,0,0,05/04/2017 19:00,0,0,2,0,0,0.548734507,2.053239595,0.548734507,2.053239595,0.243423401,0.1513648,2016,Bundesliga
Mainz 05 -- RasenBallsport Leipzig,0.088897999,0.518044684,0.854130569,0.757776976,0.681955978,1,1,0,1,0,2,5,8,1,2,0,1,0,1,0,0,0.1164567,1.512667397,0,0,0,1,6,0,0,0,2,13,0,0,05/04/2017 19:00,0,1,2,0,0,2.900806206,1.629124098,2.143029231,1.629124098,1.288898662,0.1164567,2016,Bundesliga
Wolfsburg -- Freiburg,0,0.67618512,1.260110092,0,0.041998301,0,0,3,0,1,0,2,14,0,1,0,0,0,0,0,0.047634698,0.096795201,0.721032199,0,0,0,0,5,0,0,1,2,13,0,0,05/04/2017 19:00,0,0,1,0,0,1.978293513,0.865462098,1.978293513,0.865462098,0.718183421,0.1444299,2016,Bundesliga
Eintracht Frankfurt -- Werder Bremen,0,0.766133074,1.006251941,0.757776976,0,0,1,5,1,0,0,5,10,1,0,0,1,0,1,0,0,0,0.431503702,0,0.119401203,0,0,3,0,1,0,0,6,0,2,07/04/2017 19:30,0,0,2,0,0,2.53016199,0.550904905,1.772385014,0.550904905,0.766133074,0.119401203,2016,Bundesliga
FC Cologne -- Borussia M.Gladbach,0,0.198550902,0.2885403,0,0.481829604,0,0,0,0,2,0,2,4,0,3,0,0,0,0,2,0.045609102,0.0395137,0.495322567,0,0.044403499,0,1,4,0,2,1,2,11,0,2,08/04/2017 14:30,0,1,2,0,0,0.968920806,0.624848868,0.968920806,0.624848868,0.680380506,0.1295263,2016,Bundesliga
Freiburg -- Mainz 05,0,0,0.160030199,0,0.77722732,0,0,2,0,1,0,0,5,0,2,0,0,0,0,1,0,0.0289289,0.401440602,0,0.420836002,0,0,3,0,0,0,1,7,0,1,08/04/2017 14:30,0,0,0,0,0,0.937257519,0.851205504,0.937257519,0.851205504,0.77722732,0.449764902,2016,Bundesliga
Hamburger SV -- Hoffenheim,0.102454998,0.116514999,0.620505703,0,0.081279397,1,1,3,0,0,1,3,6,0,2,1,0,1,0,0,0.075147703,0.037812799,0.121468402,0.757776976,0.426972799,0,0,2,1,1,1,1,4,1,5,08/04/2017 14:30,0,0,0,1,0,0.920755097,1.419178679,0.920755097,0.661401703,0.300249394,0.539933302,2016,Bundesliga
RasenBallsport Leipzig -- Bayer Leverkusen,0.070746899,0.21534,1.228806256,0,0,0,1,4,0,0,1,3,10,0,0,0,0,1,0,0,0.136015501,0.083280798,0.395344103,0,0.018798299,0,0,3,0,0,2,2,9,0,1,08/04/2017 14:30,0,0,0,0,0,1.514893154,0.633438701,1.514893154,0.633438701,0.286086898,0.238094598,2016,Bundesliga
Schalke 04 -- Wolfsburg,0.139340997,0,1.47987362,0,0.023765201,0,0,7,0,0,1,0,10,0,1,0,0,4,0,0,0.1278577,0,0.6358651,0.757776976,0.071828302,0,0,0,1,0,2,0,13,1,2,08/04/2017 14:30,0,0,0,1,0,1.642979817,1.593328077,1.642979817,0.835551102,0.163106197,0.199686002,2016,Bundesliga
Bayern Munich -- Borussia Dortmund,0.098098401,0.0415392,1.059396692,0.757776976,0,1,0,4,1,0,2,2,13,1,0,1,0,2,1,0,0,0.043313201,0.653515109,0,0,0,0,2,0,0,0,2,7,0,0,08/04/2017 17:30,0,0,1,0,0,1.956811268,0.696828309,1.199034292,0.696828309,0.139637601,0.043313201,2016,Bundesliga
Hertha Berlin -- Augsburg,0.132474098,0.1662986,1.639768096,0,0,3,1,4,0,0,3,4,11,0,0,0,1,1,0,0,0,0,0.668736383,0,0,0,0,0,0,0,0,0,5,0,0,09/04/2017 14:30,0,0,0,0,0,1.938540794,0.668736383,1.938540794,0.668736383,0.298772698,0,2016,Bundesliga
Ingolstadt -- Darmstadt,0.183523897,0.285606802,2.724340402,0,0.50415498,2,1,5,0,1,3,4,15,0,1,1,0,1,0,1,0.038192701,0.0308463,0.153323701,0.757776976,0,1,0,3,1,0,1,1,7,1,0,09/04/2017 16:30,0,0,1,1,0,3.69762608,0.980139676,3.69762608,0.222362701,0.973285679,0.069039,2016,Bundesliga
Augsburg -- FC Cologne,0,0.017000699,0.303028099,0.757776976,0.00732157,0,1,3,1,1,0,2,4,1,1,0,1,0,1,0,0,0.257892501,1.146689119,0,0,0,0,0,0,0,0,3,9,0,0,15/04/2017 14:30,0,0,0,0,0,1.085127344,1.404581619,0.327350369,1.404581619,0.024322269,0.257892501,2016,Bundesliga
Borussia Dortmund -- Eintracht Frankfurt,0.037207101,0.083083099,2.449677002,0,0,1,0,6,0,0,1,2,12,0,0,0,0,3,0,0,0,0.085256502,0.896126823,0,0,0,0,2,0,0,0,1,8,0,0,15/04/2017 14:30,0,0,1,0,0,2.569967201,0.981383325,2.569967201,0.981383325,0.120290199,0.085256502,2016,Bundesliga
Hoffenheim -- Borussia M.Gladbach,0.0212074,0.131513704,1.382227408,0,0.627309985,1,1,5,0,2,1,2,11,0,2,1,1,2,0,1,0,0,1.289025814,0,0.976704789,0,0,3,0,1,0,0,8,0,2,15/04/2017 14:30,0,0,2,0,1,2.162258497,2.265730604,2.162258497,2.265730604,0.780031089,0.976704789,2016,Bundesliga
Mainz 05 -- Hertha Berlin,0,0.357447701,0.354818174,0,0.315739401,0,0,2,0,1,0,5,7,0,5,0,0,0,0,0,0,0,0.265444493,0,0,0,0,2,0,0,0,1,6,0,0,15/04/2017 14:30,0,0,0,0,0,1.028005275,0.265444493,1.028005275,0.265444493,0.673187101,0,2016,Bundesliga
RasenBallsport Leipzig -- Freiburg,0.049297299,0.061904699,0.970183292,0,0.109128998,0,0,5,0,1,1,2,8,0,2,0,0,3,0,1,0.035813801,0,0.340974393,0,0.313623097,1,0,0,0,1,1,0,8,0,2,15/04/2017 14:30,0,0,0,0,0,1.190514288,0.690411291,1.190514288,0.690411291,0.220330996,0.349436898,2016,Bundesliga
Wolfsburg -- Ingolstadt,0.027524499,0,1.580824913,0,0,1,0,5,0,0,1,0,8,0,0,0,0,2,0,0,0.036425099,0.049153998,0.0698649,0,0,1,1,1,0,0,1,2,4,0,0,15/04/2017 14:30,0,0,0,0,0,1.608349413,0.155443997,1.608349413,0.155443997,0.027524499,0.085579097,2016,Bundesliga
Bayer Leverkusen -- Bayern Munich,0,0.0234417,0.317333007,0,0.039977599,0,0,1,0,1,0,1,7,0,1,0,0,0,0,0,0.037496701,0.037996201,2.06977411,0,0,1,0,3,0,0,1,2,18,0,0,15/04/2017 17:30,0,0,0,0,0,0.380752306,2.145267012,0.380752306,2.145267012,0.063419299,0.075492902,2016,Bundesliga
Werder Bremen -- Hamburger SV,0.040004902,0,1.704348114,0,0,0,0,5,0,0,1,0,12,0,0,0,0,2,0,0,0,0,0.414749593,0,0.281160946,0,0,3,0,1,0,0,4,0,2,16/04/2017 14:30,0,0,1,0,0,1.744353016,0.695910539,1.744353016,0.695910539,0.040004902,0.281160946,2016,Bundesliga
Darmstadt -- Schalke 04,0.0489312,0,0.793399619,0,0.671532521,0,0,3,0,2,1,0,6,0,4,0,0,1,0,1,0.1025839,0.401043598,1.237095886,0.757776976,0.311254894,0,1,5,1,1,2,5,13,1,5,16/04/2017 16:30,0,0,1,0,0,1.51386334,2.809755254,1.51386334,2.051978278,0.720463721,0.814882392,2016,Bundesliga
FC Cologne -- Hoffenheim,0,0.125299,1.06243862,0,0,0,1,5,0,0,0,3,9,0,0,0,0,1,0,0,0.050075602,0,1.116761671,0,0,0,0,6,0,0,1,0,10,0,0,21/04/2017 19:30,0,0,1,0,0,1.18773762,1.166837273,1.18773762,1.166837273,0.125299,0.050075602,2016,Bundesliga
Bayern Munich -- Mainz 05,0.076986201,0.31706571,0.450739503,0,0.071727399,0,1,5,0,1,1,6,11,0,2,0,0,2,0,0,0,0.020137601,0.909548694,0.757776976,0.125754697,0,0,3,1,0,0,1,6,1,2,22/04/2017 14:30,0,0,1,1,0,0.916518813,1.813217968,0.916518813,1.055440992,0.46577931,0.145892298,2016,Bundesliga
Eintracht Frankfurt -- Augsburg,0,0.0707127,1.809293203,0,0.148071203,0,0,7,0,0,0,1,17,0,2,0,0,3,0,0,0,0.111972503,0.604661508,0,0.076589799,0,0,3,0,1,0,2,5,0,3,22/04/2017 14:30,0,0,1,0,0,2.028077107,0.79322381,2.028077107,0.79322381,0.218783904,0.188562303,2016,Bundesliga
Hamburger SV -- Darmstadt,0.104339901,0.225640401,0.81998861,0,0,1,1,4,0,0,2,4,7,0,0,0,0,0,0,0,0,0.778308788,0.425895305,0,0.129793402,0,1,1,0,2,0,4,3,0,3,22/04/2017 14:30,0,1,1,0,0,1.149968913,1.333997495,1.149968913,1.333997495,0.329980303,0.90810219,2016,Bundesliga
Hertha Berlin -- Wolfsburg,0.0354652,0.136327598,2.106535062,0,0.220847599,1,0,4,0,0,1,3,8,0,2,0,0,1,0,0,0,0,1.473575104,0,0.098397203,0,0,2,0,0,0,0,8,0,2,22/04/2017 14:30,0,0,0,0,0,2.499175459,1.571972307,2.499175459,1.571972307,0.392640397,0.098397203,2016,Bundesliga
Ingolstadt -- Werder Bremen,0.305980001,0.135263404,1.027177995,0.757776976,0,0,1,3,1,0,3,3,8,1,0,0,0,1,1,0,0,0,1.225566467,0.757776976,0.222444095,0,0,4,1,0,0,0,7,1,2,22/04/2017 14:30,0,0,3,1,0,2.226198375,2.205787538,1.4684214,1.448010562,0.441243405,0.222444095,2016,Bundesliga
Borussia M.Gladbach -- Borussia Dortmund,0,0,0.855144776,0,0,0,0,3,0,0,0,0,7,0,0,0,0,1,0,0,0.050698001,0.070039099,1.002755998,0.757776976,0.060055599,0,1,3,1,1,1,3,7,1,1,22/04/2017 17:30,0,0,1,1,1,0.855144776,1.941325672,0.855144776,1.183548696,0,0.180792699,2016,Bundesliga
Freiburg -- Bayer Leverkusen,0,0.162703197,0.893630194,0,0,0,0,4,0,0,0,2,9,0,0,0,0,2,0,0,0,0.035401501,0.353842791,0.757776976,0,0,0,3,1,0,0,1,9,1,0,23/04/2017 14:30,0,0,0,1,0,1.056333391,1.147021268,1.056333391,0.389244292,0.162703197,0.035401501,2016,Bundesliga
Schalke 04 -- RasenBallsport Leipzig,0.0283871,0.208742701,0.414887413,0,0.116915304,0,0,1,0,0,1,5,3,0,2,0,0,1,0,0,0.152730599,0.0408321,0.539867807,0,0,0,0,1,0,0,2,2,5,0,0,23/04/2017 16:30,0,0,1,0,0,0.768932518,0.733430507,0.768932518,0.733430507,0.354045104,0.193562699,2016,Bundesliga
Bayer Leverkusen -- Schalke 04,0,0,1.264405621,0,0,0,0,4,0,0,0,0,13,0,0,0,0,1,0,0,0,0.147992201,2.343432128,0,0.311661988,0,2,5,0,1,0,2,9,0,1,28/04/2017 19:30,0,1,2,0,1,1.264405621,2.803086318,1.264405621,2.803086318,0,0.45965419,2016,Bundesliga
Borussia Dortmund -- FC Cologne,0.119429998,0.283141902,2.251897193,0,0.026846699,0,0,4,0,0,1,6,15,0,1,0,0,0,0,0,0,0,0.27542631,0,0,0,0,0,0,0,0,0,5,0,0,29/04/2017 14:30,0,0,0,0,0,2.681315793,0.27542631,2.681315793,0.27542631,0.429418599,0,2016,Bundesliga
Darmstadt -- Freiburg,0.0606925,0.104745701,1.109801296,0,0.339004086,1,0,2,0,1,1,2,10,0,2,0,0,2,0,1,0.0419663,0.914338795,0.164234495,0,0,0,0,2,0,0,1,3,5,0,0,29/04/2017 14:30,0,0,0,0,0,1.614243584,1.120539591,1.614243584,1.120539591,0.504442288,0.956305096,2016,Bundesliga
Mainz 05 -- Borussia M.Gladbach,0.094502799,1.054931314,1.039180726,0,0,1,2,5,0,0,1,5,11,0,0,0,1,0,0,0,0,0.0117085,1.19767442,0,0.0187732,0,0,5,0,0,0,1,11,0,1,29/04/2017 14:30,0,0,2,0,0,2.188614839,1.22815612,2.188614839,1.22815612,1.149434113,0.0304817,2016,Bundesliga
RasenBallsport Leipzig -- Ingolstadt,0.041702099,0.019642999,1.386174487,0,0.057409398,1,0,2,0,0,1,1,12,0,1,0,0,0,0,0,0.122370999,0.086337199,0.384913512,0,0,0,0,0,0,0,2,2,2,0,0,29/04/2017 14:30,0,0,0,0,0,1.504928984,0.59362171,1.504928984,0.59362171,0.118754497,0.208708199,2016,Bundesliga
Werder Bremen -- Hertha Berlin,0,0,1.824810347,0,0.00996587,0,0,4,0,0,0,0,8,0,1,0,0,2,0,0,0.069741897,0,0.6266718,0,0.064899199,0,0,2,0,0,1,0,8,0,1,29/04/2017 14:30,0,0,0,0,0,1.834776216,0.761312896,1.834776216,0.761312896,0.00996587,0.134641096,2016,Bundesliga
Wolfsburg -- Bayern Munich,0,0.037401501,0.255895302,0,0.0714515,0,1,1,0,1,0,1,5,0,1,0,0,0,0,0,0.062793501,0.085719798,1.577147208,0,0.595419984,1,0,7,0,1,1,2,11,0,3,29/04/2017 17:30,1,0,4,0,1,0.364748303,2.321080491,0.364748303,2.321080491,0.108853001,0.743933283,2016,Bundesliga
Augsburg -- Hamburger SV,0.127321698,0,1.978764784,0,0.039572411,1,0,7,0,1,3,0,11,0,3,0,0,4,0,0,0,0.129905604,0.124729498,0,0.040291399,0,1,2,0,1,0,2,6,0,1,30/04/2017 14:30,0,0,0,0,0,2.145658893,0.294926501,2.145658893,0.294926501,0.166894109,0.170197003,2016,Bundesliga
Hoffenheim -- Eintracht Frankfurt,0,0.115293004,0.435385309,0,0.044324901,0,1,0,0,0,0,1,6,0,1,0,1,0,0,0,0,0.025284801,0.146923501,0,0,0,0,2,0,0,0,1,3,0,0,30/04/2017 16:30,0,0,0,0,0,0.595003214,0.172208302,0.595003214,0.172208302,0.159617905,0.025284801,2016,Bundesliga
FC Cologne -- Werder Bremen,0.146028496,0.917411625,1.806546209,0,0,1,1,7,0,0,2,3,10,0,0,0,1,3,0,0,0,0,1.621285908,0,0,0,0,4,0,0,0,0,11,0,0,05/05/2017 19:30,0,0,3,0,0,2.869986331,1.621285908,2.869986331,1.621285908,1.063440122,0,2016,Bundesliga
Bayern Munich -- Darmstadt,0,0.560174093,1.874025206,0,0,0,2,6,0,0,0,8,15,0,0,0,0,1,0,0,0,0.182901902,0.2500231,0.757776976,0,0,1,1,1,0,0,4,8,1,0,06/05/2017 14:30,0,0,0,0,0,2.434199299,1.190701977,2.434199299,0.432925002,0.560174093,0.182901902,2016,Bundesliga
Borussia Dortmund -- Hoffenheim,0,0,1.62696366,0.757776976,0.279385,0,0,3,0,1,0,0,9,1,1,0,0,2,0,0,0,0.100939997,0.175576271,0.75761497,0,0,0,4,1,0,0,1,8,1,0,06/05/2017 14:30,0,0,0,1,0,2.664125636,1.034131237,1.906348661,0.276516267,0.279385,0.100939997,2016,Bundesliga
Borussia M.Gladbach -- Augsburg,0,0.057010502,1.292273961,0,0.020336799,0,1,4,0,0,0,2,15,0,1,0,0,1,0,0,0,0.372909792,1.164116524,0,0.048173498,0,1,3,0,0,0,2,8,0,1,06/05/2017 14:30,0,0,1,0,0,1.369621262,1.585199814,1.369621262,1.585199814,0.077347301,0.42108329,2016,Bundesliga
Eintracht Frankfurt -- Wolfsburg,0,0.0582687,1.0883894,0,0,0,0,2,0,0,0,1,6,0,0,0,0,0,0,0,0,0.102415498,1.310494918,0,0,0,0,3,0,0,0,2,5,0,0,06/05/2017 14:30,0,0,2,0,0,1.1466581,1.412910417,1.1466581,1.412910417,0.0582687,0.102415498,2016,Bundesliga
Ingolstadt -- Bayer Leverkusen,0.063418098,0.1683226,0.200526797,0,0,0,1,1,0,0,1,2,5,0,0,0,0,1,0,0,0.075343501,0.206266705,1.089069411,0,0.0116331,2,2,1,0,0,2,4,5,0,1,06/05/2017 14:30,0,1,0,0,0,0.432267495,1.382312717,0.432267495,1.382312717,0.231740698,0.293243306,2016,Bundesliga
Hertha Berlin -- RasenBallsport Leipzig,0.070937,0,0.085193403,0,0.075389401,0,0,1,0,0,1,0,2,0,3,0,0,0,0,0,0,0.0127015,2.534172336,0,0.0175809,0,0,8,0,0,0,1,12,0,2,06/05/2017 17:30,0,0,4,0,0,0.231519804,2.564454736,0.231519804,2.564454736,0.146326401,0.030282401,2016,Bundesliga
Hamburger SV -- Mainz 05,0,0.092848301,0.234665405,0,0,0,0,2,0,0,0,2,4,0,0,0,0,0,0,0,0.075852402,0.016160499,1.127927292,0,0.208672807,1,0,4,0,1,2,1,8,0,2,07/05/2017 14:30,0,0,0,0,0,0.327513706,1.428613,0.327513706,1.428613,0.092848301,0.300685707,2016,Bundesliga
Freiburg -- Schalke 04,0,0.0932617,1.63202991,0.757776976,0,0,1,3,1,0,0,2,10,1,0,0,1,0,1,0,0,0.094796797,0.266715927,0,0.061046001,0,0,2,0,1,0,3,9,0,2,07/05/2017 16:30,0,0,0,0,0,2.483068585,0.422558725,1.72529161,0.422558725,0.0932617,0.155842798,2016,Bundesliga
Augsburg -- Borussia Dortmund,0.059829202,0.0416505,1.182556462,0,0,0,0,3,0,0,1,1,3,0,0,0,0,1,0,0,0,0.047642101,1.765116003,0,0,0,0,5,0,0,0,2,14,0,0,13/05/2017 14:30,0,0,1,0,0,1.284036163,1.812758103,1.284036163,1.812758103,0.101479702,0.047642101,2016,Bundesliga
Bayer Leverkusen -- FC Cologne,0.105492003,0.230747297,2.434501381,0,0.1917082,0,0,8,0,1,1,4,19,0,3,0,0,2,0,0,0,0,0.970486978,0,0,0,0,4,0,0,0,0,7,0,0,13/05/2017 14:30,0,0,2,0,0,2.962448881,0.970486978,2.962448881,0.970486978,0.5279475,0,2016,Bundesliga
Darmstadt -- Hertha Berlin,0,0.0797056,0.586897008,0,0.087846959,0,0,2,0,0,0,2,7,0,2,0,0,0,0,0,0.072566099,0.166889306,1.06666727,0,0.282341003,1,0,3,0,1,2,2,10,0,2,13/05/2017 14:30,0,0,1,0,1,0.754449567,1.588463679,0.754449567,1.588463679,0.167552559,0.521796409,2016,Bundesliga
Freiburg -- Ingolstadt,0.173971299,0,1.139608303,0,0.119419403,1,0,3,0,0,3,0,6,0,2,0,0,1,0,0,0.0989452,0.168351695,1.485549098,0,0.139233401,1,1,7,0,0,2,3,15,0,3,13/05/2017 14:30,0,0,1,0,0,1.432999006,1.892079394,1.432999006,1.892079394,0.293390702,0.406530296,2016,Bundesliga
Mainz 05 -- Eintracht Frankfurt,0.044532198,0.139107,0.785333594,0.757776976,0.048363399,0,0,6,1,1,1,2,16,1,1,0,0,2,1,1,0,0,2.206126746,0,0,0,0,4,0,0,0,0,6,0,0,13/05/2017 14:30,0,0,2,0,0,1.775113167,2.206126746,1.017336192,2.206126746,0.232002597,0,2016,Bundesliga
RasenBallsport Leipzig -- Bayern Munich,0,0.1003079,1.189011514,0.757776976,0,0,1,4,1,0,0,2,8,1,0,0,0,3,1,0,0.209071402,0.399048001,1.73346328,0.757776976,0.527016513,2,1,4,1,1,3,1,13,1,2,13/05/2017 14:30,1,1,1,1,1,2.04709639,3.626376171,1.289319415,2.868599195,0.1003079,1.135135915,2016,Bundesliga
Schalke 04 -- Hamburger SV,0,0.060136002,1.23948832,0,0.0168196,0,0,1,0,0,0,1,10,0,1,0,0,1,0,0,0,0.0599666,1.700435209,0,0.067708701,0,0,4,0,0,0,2,15,0,1,13/05/2017 14:30,0,0,1,0,0,1.316443922,1.82811051,1.316443922,1.82811051,0.076955602,0.1276753,2016,Bundesliga
Werder Bremen -- Hoffenheim,0,0.3817674,1.06609014,0,0,0,2,5,0,0,0,4,12,0,0,0,1,2,0,0,0,0.1488079,0.863064189,0,0,0,1,8,0,0,0,3,13,0,0,13/05/2017 14:30,0,1,4,0,0,1.447857539,1.011872089,1.447857539,1.011872089,0.3817674,0.1488079,2016,Bundesliga
Wolfsburg -- Borussia M.Gladbach,0,0.0121918,0.904044634,0,0.349252405,0,0,4,0,1,0,1,9,0,2,0,0,1,0,0,0.0399772,0.43964651,1.290713891,0,0,0,1,4,0,0,1,2,11,0,0,13/05/2017 14:30,0,1,0,0,0,1.265488839,1.770337602,1.265488839,1.770337602,0.361444205,0.479623711,2016,Bundesliga
Bayern Munich -- Freiburg,0.0962881,1.05339586,2.784162553,0,0,0,2,9,0,0,1,7,25,0,0,0,1,3,0,0,0,0.128445698,1.319622712,0,0.090483896,0,2,6,0,0,0,3,15,0,1,20/05/2017 14:30,0,0,1,0,0,3.933846513,1.538552307,3.933846513,1.538552307,1.14968396,0.218929594,2016,Bundesliga
Borussia Dortmund -- Werder Bremen,0.044814199,0.519652292,2.27751668,1.515553951,0,0,2,7,2,0,1,7,18,2,0,0,0,2,2,0,0,0.0147661,1.605881702,0,0.02385748,0,0,4,0,1,0,1,8,0,2,20/05/2017 14:30,0,0,3,0,0,4.357537122,1.644505282,2.841983171,1.644505282,0.564466491,0.03862358,2016,Bundesliga
Borussia M.Gladbach -- Darmstadt,0,0.252105294,1.733271902,0,0,0,1,9,0,0,0,4,14,0,0,0,0,2,0,0,0,0.100373998,0.509076499,0,0,0,1,3,0,0,0,1,13,0,0,20/05/2017 14:30,0,1,1,0,0,1.985377196,0.609450498,1.985377196,0.609450498,0.252105294,0.100373998,2016,Bundesliga
Eintracht Frankfurt -- RasenBallsport Leipzig,0,0.793180579,0.902325079,0,0.565412343,0,0,2,0,1,0,5,10,0,2,0,0,1,0,1,0,0.111107998,1.172480594,0,0.0971843,0,1,3,0,1,0,1,5,0,1,20/05/2017 14:30,0,1,1,0,0,2.260918002,1.380772892,2.260918002,1.380772892,1.358592923,0.208292298,2016,Bundesliga
FC Cologne -- Mainz 05,0,0.087159101,1.204877936,0,0,0,0,4,0,0,0,2,14,0,0,0,0,2,0,0,0.057911199,0,0.066157399,0,0.017533701,0,0,0,0,0,1,0,3,0,1,20/05/2017 14:30,0,0,0,0,0,1.292037037,0.141602298,1.292037037,0.141602298,0.087159101,0.075444899,2016,Bundesliga
Hamburger SV -- Wolfsburg,0.0423504,0,0.480197913,0,0.044313502,1,0,2,0,0,1,0,4,0,1,0,0,2,0,0,0,0.019479601,0.742941215,0,0.110137001,0,1,4,0,0,0,1,10,0,1,20/05/2017 14:30,0,0,1,0,0,0.566861815,0.872557816,0.566861815,0.872557816,0.086663902,0.129616601,2016,Bundesliga
Hertha Berlin -- Bayer Leverkusen,0,0.599463999,2.288171053,0.757776976,0.1328879,0,0,3,1,0,0,1,9,1,3,0,0,1,1,0,0,0.067419201,3.213065388,1.515553951,0,0,1,8,2,0,0,3,11,2,0,20/05/2017 14:30,0,0,4,2,0,3.778299928,4.79603854,3.020522952,3.280484589,0.732351899,0.067419201,2016,Bundesliga
Hoffenheim -- Augsburg,0.036008202,0.040452199,0.470475277,0,0.278962705,1,1,5,0,1,1,2,14,0,2,0,0,0,0,0,0,0,0.2312952,0,0.033520099,0,0,1,0,1,0,0,7,0,1,20/05/2017 14:30,0,0,0,0,0,0.825898383,0.264815299,0.825898383,0.264815299,0.355423106,0.033520099,2016,Bundesliga
Ingolstadt -- Schalke 04,0.0398116,0.0252799,0.947018407,1.515553951,0.073438099,1,1,4,2,0,1,1,12,2,2,0,0,0,1,0,0,0.156162199,0.975054905,0,0,0,1,2,0,0,0,3,6,0,0,20/05/2017 14:30,0,0,1,0,0,2.601101957,1.131217103,1.085548006,1.131217103,0.138529599,0.156162199,2016,Bundesliga
