fixture,home_directfk_xG,home_corner_xG,home_op_xG,home_pen_xG,home_setpiece_xG,home_directfk_shots_ot,home_corner_shots_ot,home_op_shots_ot,home_pen_shots_ot,home_setpiece_shots_ot,home_directfk_shots,home_corner_shots,home_op_shots,home_pen_shots,home_setpiece_shots,home_directfk_goals,home_corner_goals,home_op_goals,home_pen_goals,home_setpiece_goals,date,away_directfk_xG,away_corner_xG,away_op_xG,away_pen_xG,away_setpiece_xG,away_directfk_shots_ot,away_corner_shots_ot,away_op_shots_ot,away_pen_shots_ot,away_setpiece_shots_ot,away_directfk_shots,away_corner_shots,away_op_shots,away_pen_shots,away_setpiece_shots,away_directfk_goals,away_corner_goals,away_op_goals,away_pen_goals,away_setpiece_goals,home_xG,away_xG,home_np_xG,away_np_xG,home_sp_xG,away_sp_xG,season,league
Hull -- Leicester,0.203633102,0.320916299,0.2337086,0,0,1,2,2,0,0,4,4,6,0,0,0,1,1,0,0,13/08/2016 15:30,0.053837199,0,1.856255308,0.761169016,0,1,0,3,1,0,1,0,16,1,0,0,0,0,1,0,0.758258,2.671261523,0.758258,1.910092507,0.5245494,0.053837199,2016,EPL
Burnley -- Swansea,0.113609999,0,0.920759801,0,0.0170523,0,0,2,0,1,1,0,8,0,1,0,0,0,0,0,13/08/2016 18:00,0.061276801,0.626650319,1.053504994,0,0.0113247,1,0,7,0,0,1,2,13,0,1,0,0,1,0,0,1.051422101,1.752756814,1.051422101,1.752756814,0.1306623,0.699251819,2016,EPL
Crystal Palace -- West Bromwich Albion,0.079678699,0.0129867,0.875326495,0,0.0237504,0,0,4,0,0,2,1,10,0,1,0,0,0,0,0,13/08/2016 18:00,0,0.245605903,0.253698002,0,0.186964195,0,0,2,0,1,0,5,5,0,3,0,0,0,0,1,0.991742294,0.6862681,0.991742294,0.6862681,0.1164158,0.432570098,2016,EPL
Everton -- Tottenham,0.024291599,0.028059401,0.708405506,0,0.0293063,1,0,4,0,1,1,2,8,0,1,1,0,0,0,0,13/08/2016 18:00,0.088592902,0.67319658,0.381173097,0,0,0,1,3,0,0,1,4,8,0,0,0,0,1,0,0,0.790062806,1.142962579,0.790062806,1.142962579,0.0816573,0.761789482,2016,EPL
Middlesbrough -- Stoke,0,0.2648753,1.540351294,0,0,0,0,2,0,0,0,4,8,0,0,0,0,1,0,0,13/08/2016 18:00,0.059267599,0.0142284,0.412129707,0,0,1,0,0,0,0,1,1,10,0,0,1,0,0,0,0,1.805226594,0.485625706,1.805226594,0.485625706,0.2648753,0.073495999,2016,EPL
Southampton -- Watford,0.0657764,0.131436197,0.497382893,0,0.2454146,2,1,3,0,0,2,3,16,0,3,0,1,0,0,0,13/08/2016 18:00,0,0.0150396,0.165006401,0,0,0,0,1,0,0,0,1,4,0,0,0,0,1,0,0,0.94001009,0.180046001,0.94001009,0.180046001,0.442627197,0.0150396,2016,EPL
Manchester City -- Sunderland,0.114932604,0.0378472,1.040844692,0.761169016,0,2,1,0,1,0,2,2,11,1,0,0,0,0,1,0,13/08/2016 20:30,0.057913199,0.513516111,0.419277206,0,0.108060002,1,1,1,0,0,1,3,3,0,1,0,0,1,0,0,1.954793513,1.098766519,1.193624496,1.098766519,0.152779805,0.679489313,2016,EPL
Bournemouth -- Manchester United,0,0.156587804,0.367238602,0,0,0,2,1,0,0,0,3,6,0,0,0,0,1,0,0,14/08/2016 16:30,0.110329002,0,1.993490679,0,0,1,0,6,0,0,1,0,10,0,0,0,0,3,0,0,0.523826405,2.103819681,0.523826405,2.103819681,0.156587804,0.110329002,2016,EPL
Arsenal -- Liverpool,0.055128399,0.0128448,0.233733546,0.761169016,0.119092003,0,0,3,1,1,1,1,5,1,1,0,0,2,0,1,14/08/2016 19:00,0.043230399,0,1.506604331,0,0.134894304,1,0,6,0,0,1,0,13,0,2,1,0,3,0,0,1.181967764,1.684729034,0.420798747,1.684729034,0.187065202,0.178124703,2016,EPL
Chelsea -- West Ham,0.133597098,0.189633102,0.375896899,0.761169016,0,1,0,4,1,0,2,4,9,1,0,0,0,1,1,0,15/08/2016 23:00,0.071835101,0.213281102,0.165407699,0,0,0,1,2,0,0,1,3,3,0,0,0,1,0,0,0,1.460296116,0.450523902,0.699127099,0.450523902,0.3232302,0.285116203,2016,EPL
Manchester United -- Southampton,0,0.112410001,0.493722199,0.761169016,0,0,0,4,1,0,0,1,10,1,0,0,0,1,1,0,19/08/2016 23:00,0.052353799,0,0.402173399,0,0.158705501,0,0,1,0,0,1,0,9,0,3,0,0,0,0,0,1.367301217,0.613232699,0.606132201,0.613232699,0.112410001,0.2110593,2016,EPL
Stoke -- Manchester City,0.0403593,0,0.509933106,0.761169016,0,0,0,2,1,0,1,0,6,1,0,0,0,0,1,0,20/08/2016 15:30,0,0.0116552,1.335089996,0.761169016,0.064062297,0,0,4,1,1,0,1,9,1,1,0,0,2,1,1,1.311461422,2.17197651,0.550292405,1.410807494,0.0403593,0.075717498,2016,EPL
Burnley -- Liverpool,0,0,0.197535703,0,0,0,0,2,0,0,0,0,3,0,0,0,0,2,0,0,20/08/2016 18:00,0,0.133159999,0.723996235,0,0.081868596,0,0,5,0,0,0,4,21,0,1,0,0,0,0,0,0.197535703,0.93902483,0.197535703,0.93902483,0,0.215028595,2016,EPL
Swansea -- Hull,0.050540701,0.082174199,0.998667896,0,0.00995668,1,0,2,0,0,1,2,19,0,1,0,0,0,0,0,20/08/2016 18:00,0.072605498,1.16487179,1.0608826,0,0,0,2,2,0,0,1,3,8,0,0,0,1,1,0,0,1.141339475,2.298359888,1.141339475,2.298359888,0.142671579,1.237477288,2016,EPL
Tottenham -- Crystal Palace,0.052740801,1.15205658,1.145517013,0,0,0,2,3,0,0,1,6,13,0,0,0,1,0,0,0,20/08/2016 18:00,0.0158822,0.027711799,0.314349016,0,0,0,0,2,0,0,1,1,8,0,0,0,0,0,0,0,2.350314395,0.357943015,2.350314395,0.357943015,1.204797382,0.043593999,2016,EPL
Watford -- Chelsea,0.056534201,0,0.748014485,0,0,0,0,2,0,0,1,0,5,0,0,0,0,1,0,0,20/08/2016 18:00,0.0969778,0,1.670588817,0,0,1,0,3,0,0,2,0,11,0,0,0,0,2,0,0,0.804548685,1.767566618,0.804548685,1.767566618,0.056534201,0.0969778,2016,EPL
West Bromwich Albion -- Everton,0.084454402,1.010376394,0.842218403,0,0.081803601,0,1,2,0,1,1,4,4,0,2,0,1,0,0,0,20/08/2016 18:00,0.0474931,0.587511592,1.159614627,0,0.0561116,0,2,4,0,1,1,3,8,0,1,0,1,1,0,0,2.0188528,1.850730919,2.0188528,1.850730919,1.176634397,0.691116292,2016,EPL
Leicester -- Arsenal,0.210335497,0,0.343356904,0,0,0,0,1,0,0,2,0,6,0,0,0,0,0,0,0,20/08/2016 20:30,0,0.0162834,0.506803999,0,0,0,0,4,0,0,0,1,12,0,0,0,0,0,0,0,0.5536924,0.523087399,0.5536924,0.523087399,0.210335497,0.0162834,2016,EPL
Sunderland -- Middlesbrough,0,0.0599896,1.339946514,0,0.0645638,0,0,4,0,1,0,2,14,0,2,0,0,1,0,0,21/08/2016 16:30,0,0,0.854907421,0,0,0,0,3,0,0,0,0,8,0,0,0,0,2,0,0,1.464499913,0.854907421,1.464499913,0.854907421,0.124553399,0,2016,EPL
West Ham -- Bournemouth,0.091728598,0,1.53638851,0,0.064761959,0,0,2,0,0,1,0,13,0,2,0,0,1,0,0,21/08/2016 19:00,0,0.154449601,0.2436681,0,0,0,1,4,0,0,0,2,6,0,0,0,0,0,0,0,1.692879067,0.398117701,1.692879067,0.398117701,0.156490557,0.154449601,2016,EPL
Tottenham -- Liverpool,0.120237399,0.148658805,0.321615003,0,0,2,1,1,0,0,2,2,7,0,0,0,0,1,0,0,27/08/2016 15:30,0,0.133659005,1.030863287,0.761169016,0,0,0,2,1,0,0,1,11,1,0,0,0,0,1,0,0.590511207,1.925691308,0.590511207,1.164522292,0.268896203,0.133659005,2016,EPL
Chelsea -- Burnley,0.067710496,0.781130503,1.809533091,0,0,0,2,7,0,0,1,7,14,0,0,0,0,3,0,0,27/08/2016 18:00,0,0.048536899,0.135952698,0,0,0,0,0,0,0,0,2,4,0,0,0,0,0,0,0,2.658374091,0.184489597,2.658374091,0.184489597,0.848840999,0.048536899,2016,EPL
Crystal Palace -- Bournemouth,0.067086801,0.562287495,1.27062204,0.761169016,0.045195402,0,0,3,1,0,1,6,14,1,2,0,0,1,0,0,27/08/2016 18:00,0.181760207,0,0.711524907,0,0.0807292,0,0,2,0,1,3,0,5,0,2,0,0,0,0,1,2.706360753,0.974014314,1.945191737,0.974014314,0.674569697,0.262489406,2016,EPL
Everton -- Stoke,0.082900897,0.637883691,0.836398799,0.761169016,0,1,0,5,1,0,1,5,14,1,0,0,0,0,0,0,27/08/2016 18:00,0,0.0174811,0.169933898,0,0,0,0,1,0,0,0,1,7,0,1,0,0,0,0,0,2.318352403,0.187414998,1.557183387,0.187414998,0.720784588,0.0174811,2016,EPL
Leicester -- Swansea,0.120235004,0.384025991,1.021449693,0.761169016,0.565336697,0,1,3,1,1,1,1,8,1,2,0,1,1,0,0,27/08/2016 18:00,0,0.0147318,0.313448493,0,0,0,0,3,0,0,0,1,8,0,0,0,0,1,0,0,2.8522164,0.328180294,2.091047384,0.328180294,1.069597691,0.0147318,2016,EPL
Southampton -- Sunderland,0.129902601,0.0193974,0.464442502,0,0,0,0,7,0,0,2,1,13,0,0,0,0,1,0,0,27/08/2016 18:00,0.119639002,0.312676013,0.098600097,0.761169016,0.099336602,1,0,0,1,0,1,1,1,1,1,0,0,0,1,0,0.613742503,1.391420729,0.613742503,0.630251713,0.149300002,0.531651616,2016,EPL
Watford -- Arsenal,0,0.176903598,0.921203009,0,0,0,1,5,0,0,0,2,12,0,0,0,0,1,0,0,27/08/2016 18:00,0,0,1.276698705,0.761169016,0,0,0,6,1,0,0,0,9,1,0,0,0,2,1,0,1.098106607,2.037867721,1.098106607,1.276698705,0.176903598,0,2016,EPL
Hull -- Manchester United,0.097872701,0,0.157980897,0,0.0129617,0,0,2,0,0,2,0,5,0,1,0,0,0,0,0,27/08/2016 20:30,0.192680798,0.082915302,2.172877437,0,0.0432554,1,0,7,0,0,3,3,22,0,1,0,0,1,0,0,0.268815298,2.491728937,0.268815298,2.491728937,0.1108344,0.318851501,2016,EPL
West Bromwich Albion -- Middlesbrough,0,0.300647106,0.399663103,0,0,0,0,2,0,0,0,4,9,0,0,0,0,0,0,0,28/08/2016 16:30,0,0.172142103,0.2246742,0,0,0,1,1,0,0,0,2,5,0,0,0,0,0,0,0,0.700310209,0.396816303,0.700310209,0.396816303,0.300647106,0.172142103,2016,EPL
Manchester City -- West Ham,0.059379101,0,2.702974154,0,0.478476497,0,0,4,0,1,1,0,18,0,3,0,0,2,0,1,28/08/2016 19:00,0,0.135135102,0.948711804,0,0,0,0,2,0,0,0,2,7,0,0,0,0,1,0,0,3.240829752,1.083846906,3.240829752,1.083846906,0.537855598,0.135135102,2016,EPL
Manchester United -- Manchester City,0,0,0.954521943,0,0.055604499,0,0,1,0,1,0,0,13,0,1,0,0,0,0,1,10/09/2016 15:30,0.117339097,0.212315101,1.556214403,0,0.051102001,0,3,3,0,0,2,3,12,0,1,0,0,2,0,0,1.010126442,1.936970603,1.010126442,1.936970603,0.055604499,0.380756199,2016,EPL
Arsenal -- Southampton,0,0.241253399,0.872700896,0.761169016,0.017069099,0,1,0,1,0,0,5,10,1,2,0,1,0,1,0,10/09/2016 18:00,0.173942,0,0.872613785,0,0.142160997,1,0,4,0,0,1,0,9,0,1,0,0,0,0,0,1.892192411,1.188716781,1.131023395,1.188716781,0.258322499,0.316102996,2016,EPL
Bournemouth -- West Bromwich Albion,0,0.0141927,0.973177187,0,0,0,0,5,0,0,0,1,11,0,0,0,0,1,0,0,10/09/2016 18:00,0,0.521975892,0.961488908,0,0,0,1,1,0,0,0,3,9,0,0,0,0,0,0,0,0.987369888,1.4834648,0.987369888,1.4834648,0.0141927,0.521975892,2016,EPL
Burnley -- Hull,0,0.154109195,0.299562602,0,0,0,0,2,0,0,0,2,11,0,0,0,0,1,0,0,10/09/2016 18:00,0.070100002,0.130237997,0.706778597,0,0,1,0,2,0,0,1,1,9,0,0,1,0,0,0,0,0.453671797,0.907116596,0.453671797,0.907116596,0.154109195,0.200337999,2016,EPL
Middlesbrough -- Crystal Palace,0,0.086617999,0.525341818,0,0,0,1,3,0,0,0,3,9,0,0,0,1,0,0,0,10/09/2016 18:00,0,0.0967802,0.979685716,0,0.048372399,0,0,4,0,0,0,5,6,0,1,0,0,2,0,0,0.611959817,1.124838315,0.611959817,1.124838315,0.086617999,0.145152599,2016,EPL
Stoke -- Tottenham,0.051253501,0.406430697,0.561030425,0,0,0,1,1,0,0,1,4,11,0,0,0,0,0,0,0,10/09/2016 18:00,0,0.039282799,2.716418851,0,0.0145491,0,0,8,0,0,0,1,18,0,1,0,0,4,0,0,1.018714624,2.77025075,1.018714624,2.77025075,0.457684198,0.053831899,2016,EPL
West Ham -- Watford,0.108701203,0.0489088,1.038137302,0,0.131698005,0,1,3,0,0,2,1,12,0,4,0,1,1,0,0,10/09/2016 18:00,0,0,1.857332373,0,0,0,0,8,0,0,0,0,13,0,0,0,0,4,0,0,1.32744531,1.857332373,1.32744531,1.857332373,0.289308008,0,2016,EPL
Liverpool -- Leicester,0,0,2.769162958,0,0,0,0,11,0,0,0,0,17,0,0,0,0,4,0,0,10/09/2016 20:30,0,0.1372797,1.075360826,0,0.0124425,0,0,3,0,0,0,2,9,0,1,0,0,1,0,0,2.769162958,1.225083027,2.769162958,1.225083027,0,0.149722201,2016,EPL
Swansea -- Chelsea,0,0,0.469231315,0.761169016,0,0,0,1,1,0,0,0,5,1,0,0,0,1,1,0,11/09/2016 19:00,0.051591601,0.715165816,1.336259101,0,0.093424601,0,0,7,0,0,1,6,19,0,2,0,0,2,0,0,1.230400331,2.196441119,0.469231315,2.196441119,0,0.860182018,2016,EPL
Sunderland -- Everton,0.054571901,0.095428303,0.899661424,0,0,1,1,0,0,0,1,1,9,0,0,0,0,0,0,0,12/09/2016 23:00,0,0.1281517,2.726737212,0,0,0,1,8,0,0,0,2,18,0,0,0,0,3,0,0,1.049661627,2.854888912,1.049661627,2.854888912,0.150000203,0.1281517,2016,EPL
Chelsea -- Liverpool,0.0869978,0.108296401,0.868714227,0,0.100938,0,1,2,0,1,1,3,7,0,1,0,0,1,0,0,16/09/2016 23:00,0,0.0383783,0.907368386,0,0.471045002,0,0,4,0,1,0,2,9,0,2,0,0,1,0,1,1.164946428,1.416791689,1.164946428,1.416791689,0.2962322,0.509423302,2016,EPL
Hull -- Arsenal,0.0493108,0,0.159213209,0.761169016,0,0,0,1,1,0,1,0,4,1,0,0,0,0,1,0,17/09/2016 18:00,0,0.123146502,2.807806494,0.761169016,0,0,0,8,1,0,0,3,20,1,0,0,0,4,0,0,0.969693025,3.692122012,0.208524008,2.930952996,0.0493108,0.123146502,2016,EPL
Leicester -- Burnley,0,0.2471085,1.136971137,0,0.602400078,0,1,4,0,1,0,6,6,0,2,0,0,1,0,1,17/09/2016 18:00,0.037758298,0,0.405814511,0,0.020950601,1,0,1,0,0,1,0,6,0,1,0,0,0,0,0,1.986479715,0.464523409,1.986479715,0.464523409,0.849508578,0.058708899,2016,EPL
Manchester City -- Bournemouth,0.119753003,0.045955598,3.221617173,0,0,2,0,9,0,0,2,1,17,0,0,1,0,3,0,0,17/09/2016 18:00,0,0,0.389671693,0,0,0,0,2,0,0,0,0,6,0,0,0,0,0,0,0,3.387325775,0.389671693,3.387325775,0.389671693,0.165708601,0,2016,EPL
West Bromwich Albion -- West Ham,0,0.5748518,0.628273716,0.761169016,0,0,1,4,1,0,0,2,5,1,0,0,1,2,1,0,17/09/2016 18:00,0.065658897,0.096325699,1.269821031,0.761169016,0.181240693,0,1,3,1,0,1,2,17,1,2,0,1,0,1,0,1.964294532,2.374215337,1.203125516,1.613046321,0.5748518,0.343225289,2016,EPL
Everton -- Middlesbrough,0,0.132919602,1.041745607,0,0,0,2,4,0,0,0,3,9,0,0,0,1,2,0,0,17/09/2016 20:30,0,0,0.1017286,0,0.076352902,0,0,0,0,0,0,0,6,0,1,0,0,0,0,0,1.174665209,0.178081501,1.174665209,0.178081501,0.132919602,0.076352902,2016,EPL
Watford -- Manchester United,0.060287401,0,0.85921731,0.761169016,0.064389799,1,0,3,1,0,1,0,5,1,3,0,0,2,1,0,18/09/2016 15:00,0.0505693,0.029394,1.305828302,0,0.0277941,0,0,2,0,0,1,2,11,0,1,0,0,1,0,0,1.745063527,1.413585702,0.98389451,1.413585702,0.1246772,0.1077574,2016,EPL
Crystal Palace -- Stoke,0.0488079,0.0566324,0.465666592,0,0.742556781,1,1,3,0,2,1,3,8,0,2,0,1,1,0,2,18/09/2016 17:15,0,0.616029285,0.466482012,0,0.120570997,0,1,2,0,1,0,3,6,0,2,0,0,1,0,0,1.313663674,1.203082293,1.313663674,1.203082293,0.847997081,0.736600282,2016,EPL
Southampton -- Swansea,0.048837598,0.263436807,1.842352293,0,0,1,1,4,0,0,1,3,15,0,0,0,0,1,0,0,18/09/2016 17:15,0,0,0.432544703,0,0.058116499,0,0,3,0,0,0,0,8,0,1,0,0,0,0,0,2.154626699,0.490661202,2.154626699,0.490661202,0.312274406,0.058116499,2016,EPL
Tottenham -- Sunderland,0.140366796,0.391399801,1.996143878,0,0,0,1,8,0,0,2,5,24,0,0,0,0,1,0,0,18/09/2016 19:30,0,0.033884998,0.819215596,0,0.107720003,0,0,1,0,0,0,1,4,0,1,0,0,0,0,0,2.527910476,0.960820597,2.527910476,0.960820597,0.531766597,0.141605001,2016,EPL
Swansea -- Manchester City,0.0524249,0.065669701,0.974608085,0,0.0182536,1,1,3,0,0,1,1,10,0,1,0,0,1,0,0,24/09/2016 15:00,0.072441399,0.320913713,1.422516776,0.761169016,0,0,0,3,1,0,1,2,14,1,0,0,0,2,1,0,1.110956286,2.577040905,1.110956286,1.815871889,0.136348201,0.393355113,2016,EPL
Manchester United -- Leicester,0,1.110120218,1.34592178,0,0,0,3,4,0,0,0,5,11,0,0,0,3,1,0,0,24/09/2016 15:30,0,0.147043997,0.140947761,0,0,0,0,3,0,0,0,5,5,0,0,0,0,1,0,0,2.456041998,0.287991758,2.456041998,0.287991758,1.110120218,0.147043997,2016,EPL
Bournemouth -- Everton,0,0.095437698,0.515698208,0,0.082458302,0,0,1,0,0,0,1,10,0,1,0,0,1,0,0,24/09/2016 18:00,0,0,0.580809092,0,0.627449714,0,0,1,0,1,0,0,8,0,5,0,0,0,0,0,0.693594208,1.208258806,0.693594208,1.208258806,0.177896,0.627449714,2016,EPL
Liverpool -- Hull,0.058194201,0.741540391,2.316973845,1.522338033,0.0126241,0,2,7,2,0,1,5,23,2,1,0,0,3,2,0,24/09/2016 18:00,0.0415763,0.115971997,0,0,0,0,1,0,0,0,1,1,0,0,0,0,1,0,0,0,4.65167057,0.157548297,3.129332538,0.157548297,0.812358692,0.157548297,2016,EPL
Middlesbrough -- Tottenham,0,0.0570946,0.230123196,0,0.074290499,0,0,1,0,1,0,1,4,0,1,0,0,0,0,1,24/09/2016 18:00,0,0.130432993,1.296741789,0,0,0,0,5,0,0,0,1,18,0,0,0,0,2,0,0,0.361508295,1.427174782,0.361508295,1.427174782,0.131385099,0.130432993,2016,EPL
Stoke -- West Bromwich Albion,0.0408982,0.1373711,0.713169611,0,0.088233203,0,0,1,0,0,1,3,7,0,1,0,0,1,0,0,24/09/2016 18:00,0,0.030990199,0.218784004,0,0.021087401,0,1,1,0,1,0,2,6,0,1,0,1,0,0,0,0.979672114,0.270861604,0.979672114,0.270861604,0.266502503,0.0520776,2016,EPL
Sunderland -- Crystal Palace,0,0.0355522,1.479015302,0,0,0,0,4,0,0,0,2,9,0,0,0,0,2,0,0,24/09/2016 18:00,0.070112601,0.180166997,1.048170016,0,0.494782001,0,0,3,0,1,2,3,15,0,1,0,0,2,0,1,1.514567502,1.793231615,1.514567502,1.793231615,0.0355522,0.745061599,2016,EPL
Arsenal -- Chelsea,0.153776005,0.068325002,1.440134727,0,0,0,0,5,0,0,1,2,11,0,0,0,0,3,0,0,24/09/2016 20:30,0,0,0.546222403,0,0.067330601,0,0,1,0,1,0,0,7,0,2,0,0,0,0,0,1.662235734,0.613553003,1.662235734,0.613553003,0.222101007,0.067330601,2016,EPL
West Ham -- Southampton,0,0.064282902,0.620062503,0,0.018020499,0,0,0,0,0,0,2,10,0,1,0,0,0,0,0,25/09/2016 19:00,0,0,2.996586001,0,0.0133949,0,0,8,0,1,0,0,17,0,1,0,0,3,0,0,0.702365904,3.0099809,0.702365904,3.0099809,0.082303401,0.0133949,2016,EPL
Burnley -- Watford,0,0.3448449,0.195811197,0,0.0290782,0,3,0,0,1,0,6,5,0,2,0,2,0,0,0,26/09/2016 23:00,0.046231501,0.032488729,0.569075288,0,0.129027799,0,0,1,0,1,1,2,6,0,3,0,0,0,0,0,0.569734297,0.776823317,0.569734297,0.776823317,0.3739231,0.207748028,2016,EPL
Everton -- Crystal Palace,0.066573501,0.305272499,0.782353897,0,0,1,0,1,0,0,1,5,7,0,0,1,0,0,0,0,30/09/2016 23:00,0.097610302,0.261349304,0.098569599,0,0.0205795,0,1,1,0,0,2,4,3,0,1,0,0,1,0,0,1.154199896,0.478108705,1.154199896,0.478108705,0.371846,0.379539106,2016,EPL
Swansea -- Liverpool,0.0440135,0.960192978,1.267700106,0,0.386512011,1,1,1,0,0,1,1,5,0,1,0,1,0,0,0,01/10/2016 15:30,0.044769999,0.328522801,0.577215394,0.761169016,0.310715109,0,0,3,1,2,1,4,10,1,2,0,0,0,1,1,2.658418596,2.02239232,2.658418596,1.261223303,1.39071849,0.684007909,2016,EPL
Hull -- Chelsea,0.048523098,0,0.164803703,0,0.062048201,1,0,1,0,0,1,0,6,0,1,0,0,0,0,0,01/10/2016 18:00,0.033987399,0.214205597,1.713898307,0,0.081676503,0,2,6,0,0,1,4,15,0,2,0,0,2,0,0,0.275375002,2.043767805,0.275375002,2.043767805,0.110571299,0.329869498,2016,EPL
Sunderland -- West Bromwich Albion,0.036736201,0.125935003,1.030012701,0,0,0,0,2,0,0,1,2,4,0,0,0,0,1,0,0,01/10/2016 18:00,0,0.0402067,0.844671311,0,0,0,1,6,0,0,0,2,15,0,0,0,0,1,0,0,1.192683905,0.88487801,1.192683905,0.88487801,0.162671205,0.0402067,2016,EPL
Watford -- Bournemouth,0,0.124549001,1.028038804,0,0.087821897,0,0,6,0,1,0,1,14,0,2,0,0,1,0,1,01/10/2016 18:00,0.190290604,0.0190269,1.146467488,0,0,1,0,2,0,0,2,1,9,0,0,0,0,2,0,0,1.240409703,1.355784992,1.240409703,1.355784992,0.212370899,0.209317503,2016,EPL
West Ham -- Middlesbrough,0.120545,0.074798301,0.5997759,0,0.091782999,0,0,2,0,0,1,2,13,0,3,0,0,1,0,0,01/10/2016 18:00,0.052313101,0.129829004,0.670459989,0,0,0,1,1,0,0,1,1,7,0,0,0,1,0,0,0,0.8869022,0.852602094,0.8869022,0.852602094,0.2871263,0.182142105,2016,EPL
Manchester United -- Stoke,0,0.928757524,1.911397995,0,0,0,1,8,0,0,0,6,18,0,0,0,0,1,0,0,02/10/2016 15:00,0.0209336,0,1.179496208,0,0,1,0,5,0,0,1,0,6,0,0,0,0,1,0,0,2.84015552,1.200429808,2.84015552,1.200429808,0.928757524,0.0209336,2016,EPL
Leicester -- Southampton,0,0.0524971,0.3977762,0,0,0,1,0,0,0,0,2,7,0,0,0,0,0,0,0,02/10/2016 17:15,0,0,0.920962805,0,0,0,0,5,0,0,0,0,11,0,0,0,0,0,0,0,0.4502733,0.920962805,0.4502733,0.920962805,0.0524971,0,2016,EPL
Tottenham -- Manchester City,0.166564003,0,0.758267213,0.761169016,0.0137451,0,0,5,1,1,1,0,10,1,1,0,0,1,0,0,02/10/2016 17:15,0.103606001,0,0.788756209,0,0.017150201,1,0,5,0,0,1,0,11,0,1,0,0,0,0,0,1.699745332,0.909512411,0.938576316,0.909512411,0.180309103,0.120756201,2016,EPL
Burnley -- Arsenal,0,0.1160313,0.42357509,0,0.069176501,0,0,1,0,0,0,3,5,0,2,0,0,0,0,0,02/10/2016 19:30,0.0576731,1.02882747,0.767834593,0,0,0,1,2,0,0,1,3,14,0,0,0,1,0,0,0,0.608782891,1.854335163,0.608782891,1.854335163,0.185207801,1.08650057,2016,EPL
Chelsea -- Leicester,0.114364501,0.462613296,2.538752832,0,0,1,1,4,0,0,2,3,11,0,0,0,1,2,0,0,15/10/2016 15:30,0,0,0.145005903,0,0.037542699,0,0,0,0,0,0,0,3,0,2,0,0,0,0,0,3.115730628,0.182548602,3.115730628,0.182548602,0.576977797,0.037542699,2016,EPL
Arsenal -- Swansea,0,0.615967395,2.86970515,0,0.019513501,0,1,5,0,0,0,2,13,0,1,0,1,2,0,0,15/10/2016 18:00,0,0.225265802,1.241801098,0,0.293478996,0,0,5,0,1,0,3,9,0,1,0,0,2,0,0,3.505186046,1.760545895,3.505186046,1.760545895,0.635480896,0.518744797,2016,EPL
Bournemouth -- Hull,0.092676699,0.210486904,1.364586308,0.761169016,0.529826,1,2,4,1,2,2,2,15,1,2,0,1,2,1,2,15/10/2016 18:00,0,0.125365097,0.263224501,0,0,0,0,4,0,0,0,2,9,0,0,0,0,1,0,0,2.958744927,0.388589598,2.197575911,0.388589598,0.832989603,0.125365097,2016,EPL
Manchester City -- Everton,0.094488896,0.084578499,0.862164702,1.522301018,0.130898604,0,0,6,2,0,1,2,11,2,3,0,0,1,0,0,15/10/2016 18:00,0.045511,0,0.098987303,0,0,0,0,2,0,0,1,0,2,0,0,0,0,1,0,0,2.69443172,0.144498303,1.172130702,0.144498303,0.309966,0.045511,2016,EPL
Stoke -- Sunderland,0.0295866,0.070019602,2.267041152,0,0,1,1,4,0,0,1,2,14,0,0,0,1,1,0,0,15/10/2016 18:00,0.042067699,0.0289576,0.516546114,0,0,1,0,0,0,0,1,1,9,0,0,0,0,0,0,0,2.366647354,0.587571413,2.366647354,0.587571413,0.099606202,0.071025299,2016,EPL
West Bromwich Albion -- Tottenham,0,0.561904997,0.772535024,0,0,0,2,2,0,0,0,3,5,0,0,0,1,0,0,0,15/10/2016 18:00,0.033242699,0,1.279376176,0,0.018794199,1,0,7,0,0,1,0,18,0,1,0,0,1,0,0,1.334440021,1.331413074,1.334440021,1.331413074,0.561904997,0.052036898,2016,EPL
Crystal Palace -- West Ham,0,0.490794003,0.673995798,0.761169016,0.0200336,0,0,3,0,0,0,1,9,1,1,0,0,0,0,0,15/10/2016 20:30,0,0.087898701,0.748996406,0,0.037323602,0,0,4,0,0,0,1,10,0,1,0,0,1,0,0,1.945992417,0.874218709,1.1848234,0.874218709,0.510827603,0.125222303,2016,EPL
Middlesbrough -- Watford,0,0.139370296,0.389205306,0,0,0,1,2,0,0,0,2,8,0,0,0,0,0,0,0,16/10/2016 16:30,0,0.0156633,0.064693198,0,0.00901825,0,0,2,0,0,0,1,2,0,1,0,0,1,0,0,0.528575602,0.089374747,0.528575602,0.089374747,0.139370296,0.02468155,2016,EPL
Southampton -- Burnley,0,1.500478115,1.950558096,0.761169016,0,0,3,10,1,0,0,7,26,1,0,0,2,0,1,0,16/10/2016 19:00,0,0,0.074871498,0.761169016,0.195219222,0,0,0,1,0,0,0,2,1,3,0,0,0,1,0,4.212205227,1.031259737,3.451036211,0.270090721,1.500478115,0.195219222,2016,EPL
Liverpool -- Manchester United,0,0,0.270440997,0,0,0,0,3,0,0,0,0,9,0,0,0,0,0,0,0,17/10/2016 23:00,0.034761298,0.029948801,0.473051895,0,0,0,0,1,0,0,1,1,5,0,0,0,0,0,0,0,0.270440997,0.537761995,0.270440997,0.537761995,0,0.064710099,2016,EPL
Bournemouth -- Tottenham,0,0.179555103,0.343815394,0,0,0,1,0,0,0,0,2,6,0,0,0,0,0,0,0,22/10/2016 15:30,0.027948599,0.082575902,0.634764902,0,0,1,0,3,0,0,1,3,12,0,0,0,0,0,0,0,0.523370497,0.745289404,0.523370497,0.745289404,0.179555103,0.110524502,2016,EPL
Arsenal -- Middlesbrough,0.203940801,0,0.5078701,0,0,1,0,5,0,0,3,0,7,0,0,0,0,0,0,0,22/10/2016 18:00,0.060775202,0.115004003,1.294711018,0,0.236011991,0,0,4,0,0,1,1,6,0,3,0,0,0,0,0,0.711810902,1.706502214,0.711810902,1.706502214,0.203940801,0.411791196,2016,EPL
Burnley -- Everton,0,0.081697002,0.765544103,0,0.099744502,0,0,2,0,1,0,1,6,0,3,0,0,1,0,1,22/10/2016 18:00,0,0.0310478,0.724193001,0,0,0,1,7,0,0,0,2,19,0,0,0,0,1,0,0,0.946985608,0.755240801,0.946985608,0.755240801,0.181441505,0.0310478,2016,EPL
Hull -- Stoke,0,0.1941071,0.507499699,0,0,0,1,1,0,0,0,2,7,0,0,0,0,0,0,0,22/10/2016 18:00,0.073598698,0.049296599,0.919837289,0,0,1,2,3,0,0,1,2,9,0,0,1,1,0,0,0,0.701606799,1.042732585,0.701606799,1.042732585,0.1941071,0.122895297,2016,EPL
Leicester -- Crystal Palace,0,0.216494098,1.490607597,0,0,0,1,3,0,0,0,3,13,0,0,0,1,2,0,0,22/10/2016 18:00,0,0.157224402,1.505491165,0,0.02158656,0,0,6,0,0,0,2,19,0,2,0,0,1,0,0,1.707101695,1.684302127,1.707101695,1.684302127,0.216494098,0.178810962,2016,EPL
Swansea -- Watford,0,0,0.798819786,0,0.533333004,0,0,4,0,1,0,0,10,0,1,0,0,0,0,0,22/10/2016 18:00,0.112541001,0,0.368582599,0,0,0,0,2,0,0,2,0,8,0,0,0,0,0,0,0,1.332152789,0.4811236,1.332152789,0.4811236,0.533333004,0.112541001,2016,EPL
West Ham -- Sunderland,0,0.120552501,0.837017543,0,0.238276597,0,1,2,0,0,0,4,13,0,3,0,1,0,0,0,22/10/2016 18:00,0.069682099,0,0.608553427,0,0.130103007,0,0,2,0,0,1,0,8,0,1,0,0,0,0,0,1.195846641,0.808338533,1.195846641,0.808338533,0.358829098,0.199785106,2016,EPL
Liverpool -- West Bromwich Albion,0,0,2.099877605,0,0.205690898,0,0,6,0,1,0,0,19,0,2,0,0,2,0,0,22/10/2016 20:30,0,0.564382911,0.066598511,0,0.055000398,0,1,0,0,0,0,2,4,0,1,0,1,0,0,0,2.305568503,0.68598182,2.305568503,0.68598182,0.205690898,0.619383309,2016,EPL
Manchester City -- Southampton,0,0.246492802,0.913105097,0,0,0,0,3,0,0,0,5,9,0,0,0,0,1,0,0,23/10/2016 16:30,0,0,0.563751793,0,0,0,0,2,0,0,0,0,6,0,0,0,0,1,0,0,1.159597899,0.563751793,1.159597899,0.563751793,0.246492802,0,2016,EPL
Chelsea -- Manchester United,0,0.651835905,1.527878504,0,0.072200201,0,1,5,0,0,0,3,10,0,1,0,1,3,0,0,23/10/2016 19:00,0,0,0.563482719,0,0.180664197,0,0,5,0,0,0,0,14,0,2,0,0,0,0,0,2.251914611,0.744146916,2.251914611,0.744146916,0.724036107,0.180664197,2016,EPL
Sunderland -- Arsenal,0.075576901,0,0.016688099,0.761169016,0,0,0,0,1,0,1,0,1,1,0,0,0,0,1,0,29/10/2016 15:30,0.224075601,0.086774202,2.324948938,0,0,0,1,6,0,0,2,2,17,0,0,0,1,3,0,0,0.853434017,2.63579874,0.092265001,2.63579874,0.075576901,0.310849803,2016,EPL
Manchester United -- Burnley,0,0.250610297,2.255107004,0,0.218191899,0,0,11,0,0,0,7,29,0,2,0,0,0,0,0,29/10/2016 18:00,0,0.067732997,0.198447499,0,0.061776299,0,0,1,0,0,0,1,5,0,1,0,0,0,0,0,2.7239092,0.327956796,2.7239092,0.327956796,0.468802196,0.129509296,2016,EPL
Middlesbrough -- Bournemouth,0,0,1.422612899,0,0.0205523,0,0,3,0,0,0,0,10,0,1,0,0,2,0,0,29/10/2016 18:00,0.055778898,0.193860401,0.965380396,0,0.330965996,0,0,2,0,0,1,4,12,0,1,0,0,0,0,0,1.443165199,1.545985691,1.443165199,1.545985691,0.0205523,0.580605295,2016,EPL
Tottenham -- Leicester,0.1487399,0.191976001,0.596446497,0.761169016,0,0,1,3,1,0,3,3,15,1,0,0,0,0,1,0,29/10/2016 18:00,0,0.00935575,0.684781728,0,0.046848901,0,0,1,0,0,0,1,4,0,1,0,0,1,0,0,1.698331416,0.740986379,0.937162399,0.740986379,0.340715902,0.056204651,2016,EPL
Watford -- Hull,0,0.204648295,0.958939489,0,0,0,0,0,0,0,0,6,17,0,0,0,0,0,0,0,29/10/2016 18:00,0,0.0691678,0.144352297,0,0.038051601,0,0,2,0,0,0,1,7,0,1,0,0,0,0,0,1.163587784,0.251571699,1.163587784,0.251571699,0.204648295,0.107219402,2016,EPL
West Bromwich Albion -- Manchester City,0.047940601,0,0.557757299,0,0.00878,1,0,0,0,0,1,0,7,0,1,0,0,0,0,0,29/10/2016 18:00,0.0586657,0.269825011,2.151691586,0,0,0,0,7,0,0,1,1,19,0,0,0,0,4,0,0,0.6144779,2.480182298,0.6144779,2.480182298,0.0567206,0.328490712,2016,EPL
Crystal Palace -- Liverpool,0,0.037273299,0.390654857,0,0.068116002,0,1,4,0,1,0,1,5,0,1,0,0,2,0,0,29/10/2016 20:30,0,0.377672009,1.882887682,0,0,0,2,8,0,0,0,2,15,0,0,0,2,2,0,0,0.496044158,2.260559691,0.496044158,2.260559691,0.105389301,0.377672009,2016,EPL
Everton -- West Ham,0.0505975,0.0619719,1.916460615,0,0,0,0,6,0,0,1,3,13,0,0,0,0,2,0,0,30/10/2016 17:30,0.1469821,0.00902511,0.7477211,0,0.049153902,0,0,3,0,0,2,1,9,0,1,0,0,0,0,0,2.029030015,0.952882212,2.029030015,0.952882212,0.1125694,0.205161111,2016,EPL
Southampton -- Chelsea,0.055830501,0.0112802,0.219704496,0,0.135548595,1,0,0,0,0,1,1,6,0,2,0,0,0,0,0,30/10/2016 20:00,0,0.0152733,1.112643402,0,0.019675801,0,0,6,0,1,0,1,11,0,1,0,0,1,0,1,0.422363793,1.147592503,0.422363793,1.147592503,0.202659297,0.034949101,2016,EPL
Stoke -- Swansea,0,0.790526413,1.359583504,0,0.0139592,0,2,2,0,0,0,5,11,0,1,0,1,1,0,0,01/11/2016 00:00,0,0.120216298,0.980367721,0,0,0,1,5,0,0,0,3,12,0,0,0,0,1,0,0,2.164069118,1.100584019,2.164069118,1.100584019,0.804485613,0.120216298,2016,EPL
Bournemouth -- Sunderland,0.029358201,0.637613002,1.867534364,0,0.117406003,1,0,6,0,0,1,6,14,0,1,0,0,1,0,0,05/11/2016 19:00,0,0,0.375547096,0.761169016,0,0,0,3,1,0,0,0,8,1,0,0,0,1,1,0,2.65191157,1.136716112,2.65191157,0.375547096,0.784377206,0,2016,EPL
Burnley -- Crystal Palace,0,0,2.314458804,0,0,0,0,6,0,0,0,0,14,0,0,0,0,3,0,0,05/11/2016 19:00,0,0,1.273453086,0.761169016,0.024986301,0,0,4,1,0,0,0,14,1,1,0,0,1,1,0,2.314458804,2.059608403,2.314458804,1.298439386,0,0.024986301,2016,EPL
Manchester City -- Middlesbrough,0.070417099,0.124390899,2.301246788,0,0,0,2,5,0,0,1,5,19,0,0,0,0,1,0,0,05/11/2016 19:00,0,0.0201461,0.188615468,0,0,0,0,3,0,0,0,1,4,0,0,0,0,1,0,0,2.496054786,0.208761568,2.496054786,0.208761568,0.194807998,0.0201461,2016,EPL
West Ham -- Stoke,0.158278003,0.181635599,0.064614201,0,0,0,1,1,0,0,1,4,4,0,0,0,0,0,0,0,05/11/2016 19:00,0.050020099,0.115329701,0.63388361,0,0.0112266,1,0,3,0,0,1,4,7,0,1,0,0,1,0,0,0.404527803,0.810460011,0.404527803,0.810460011,0.339913602,0.1765764,2016,EPL
Chelsea -- Everton,0,0.143841335,1.853049247,0,0,0,2,7,0,0,0,4,17,0,0,0,1,4,0,0,05/11/2016 21:30,0,0.0131321,0,0,0,0,0,0,0,0,0,1,0,0,0,0,0,0,0,0,1.996890581,0.0131321,1.996890581,0.0131321,0.143841335,0.0131321,2016,EPL
Arsenal -- Tottenham,0,0.142123999,0.536926694,0,0,0,0,2,0,0,0,4,11,0,0,0,0,0,0,0,06/11/2016 16:00,0,0,0.3647675,0.761169016,0.069917902,0,0,2,1,0,0,0,8,1,2,0,0,0,1,0,0.679050693,1.195854419,0.679050693,0.434685403,0.142123999,0.069917902,2016,EPL
Hull -- Southampton,0,0.0312117,0.161341004,0,0.368661895,0,0,1,0,1,0,1,2,0,3,0,0,1,0,1,06/11/2016 18:15,0.0382309,0.317305095,0.913754393,0.761169016,0,0,1,5,1,0,1,4,13,1,0,0,0,0,1,0,0.5612146,2.030459405,0.5612146,1.269290389,0.399873596,0.355535995,2016,EPL
Liverpool -- Watford,0.059958,1.208243482,2.380296776,0,0.603273915,1,4,11,0,1,1,5,20,0,2,0,2,3,0,1,06/11/2016 18:15,0,0.075740498,0.678963828,0,0.016428201,0,2,6,0,0,0,2,8,0,1,0,0,1,0,0,4.251772173,0.771132526,4.251772173,0.771132526,1.871475397,0.092168698,2016,EPL
Swansea -- Manchester United,0,0.068160903,0.092487101,0,0.352012387,0,0,0,0,1,0,2,3,0,2,0,0,0,0,1,06/11/2016 19:00,0,0,1.000057314,0,0,0,0,3,0,0,0,0,9,0,0,0,0,3,0,0,0.51266039,1.000057314,0.51266039,1.000057314,0.420173289,0,2016,EPL
Leicester -- West Bromwich Albion,0,0,0.629677407,0,0,0,0,2,0,0,0,0,5,0,0,0,0,1,0,0,06/11/2016 20:30,0,0.094786299,0.687173782,0,0,0,2,3,0,0,0,2,9,0,0,0,0,2,0,0,0.629677407,0.781960081,0.629677407,0.781960081,0,0.094786299,2016,EPL
Manchester United -- Arsenal,0.059737399,0.144358297,0.254379701,0,0.052986499,0,1,4,0,0,1,4,6,0,1,0,0,1,0,0,19/11/2016 16:30,0,0.063724302,0.512088494,0,0,0,0,1,0,0,0,1,4,0,0,0,0,1,0,0,0.511461896,0.575812796,0.511461896,0.575812796,0.257082195,0.063724302,2016,EPL
Crystal Palace -- Manchester City,0.026910299,0.0145488,0.382088605,0,0.016534301,0,0,2,0,0,1,1,5,0,1,0,0,1,0,0,19/11/2016 19:00,0,0.541213095,0.8335825,0,0.019412,0,2,1,0,0,0,3,6,0,1,0,1,1,0,0,0.440082005,1.394207595,0.440082005,1.394207595,0.0579934,0.560625095,2016,EPL
Everton -- Swansea,0.1551193,0.036791399,1.356858011,0,0,1,0,5,0,0,2,1,11,0,0,0,0,1,0,0,19/11/2016 19:00,0.069857702,0.079496898,0.164185802,0.761169016,0,1,0,1,1,0,1,1,3,1,0,0,0,0,1,0,1.54876871,1.074709417,1.54876871,0.313540401,0.191910699,0.149354599,2016,EPL
Southampton -- Liverpool,0,0,0.0942055,0,0,0,0,0,0,0,0,0,3,0,0,0,0,0,0,0,19/11/2016 19:00,0,0.097915803,1.591059673,0,0,0,0,2,0,0,0,2,13,0,0,0,0,0,0,0,0.0942055,1.688975476,0.0942055,1.688975476,0,0.097915803,2016,EPL
Stoke -- Bournemouth,0.127716005,0.206013897,0.509387501,0.761169016,0,0,0,5,0,0,1,4,8,1,0,0,0,0,0,0,19/11/2016 19:00,0.0442806,0,0.63167738,0,0.564166009,0,0,1,0,1,1,0,6,0,1,0,0,0,0,1,1.604286419,1.240123989,0.843117403,1.240123989,0.333729902,0.608446609,2016,EPL
Sunderland -- Hull,0,0.112092003,0.839419605,0,0,0,0,4,0,0,0,1,10,0,0,0,0,3,0,0,19/11/2016 19:00,0,0.693645708,0.580761808,0,0,0,1,4,0,0,0,4,13,0,0,0,0,0,0,0,0.951511608,1.274407516,0.951511608,1.274407516,0.112092003,0.693645708,2016,EPL
Watford -- Leicester,0,0.084121,0.614014411,0,0.021563901,0,0,3,0,0,0,3,6,0,1,0,0,2,0,0,19/11/2016 19:00,0,0.165057303,0.250717497,0.761169016,0.0199161,0,0,1,1,0,0,3,6,1,1,0,0,0,1,0,0.719699312,1.196859918,0.719699312,0.435690901,0.105684901,0.184973404,2016,EPL
Tottenham -- West Ham,0.083498798,0.225746995,1.465122541,0.761169016,0.03207429,0,1,3,1,1,2,2,7,1,2,0,0,2,1,0,19/11/2016 21:30,0.046137601,0.768919219,0.236337595,0.761169016,0,0,1,1,1,0,1,5,4,1,0,0,1,0,1,0,2.567611641,1.812563431,1.806442625,1.051394415,0.341320083,0.81505682,2016,EPL
Middlesbrough -- Chelsea,0.0577006,0.026144899,0.477615497,0,0,0,0,1,0,0,1,1,10,0,0,0,0,0,0,0,20/11/2016 20:00,0.065674402,0.176448103,1.445255805,0,0,0,1,2,0,0,1,2,10,0,0,0,1,0,0,0,0.561460997,1.68737831,0.561460997,1.68737831,0.0838455,0.242122505,2016,EPL
West Bromwich Albion -- Burnley,0,0.176426003,1.228697903,0,0,0,0,6,0,0,0,3,13,0,0,0,0,4,0,0,22/11/2016 00:00,0.073999897,0,0.072730798,0,0.424275011,1,0,1,0,0,1,0,3,0,1,0,0,0,0,0,1.405123906,0.571005706,1.405123906,0.571005706,0.176426003,0.498274907,2016,EPL
Burnley -- Manchester City,0,0,0.209716598,0,0.266515481,0,0,4,0,1,0,0,4,0,6,0,0,0,0,1,26/11/2016 16:30,0,0.819695605,1.463419915,0,0.0116517,0,1,4,0,0,0,4,16,0,1,0,1,1,0,0,0.476232079,2.294767221,0.476232079,2.294767221,0.266515481,0.831347305,2016,EPL
Hull -- West Bromwich Albion,0.073218003,0,0.247057851,0,0.104180798,1,0,2,0,1,1,0,7,0,2,0,0,0,0,1,26/11/2016 19:00,0.049633499,0.356316298,0.996177503,0,0,1,1,0,0,0,1,3,7,0,0,0,1,0,0,0,0.424456652,1.4021273,0.424456652,1.4021273,0.177398801,0.405949797,2016,EPL
Leicester -- Middlesbrough,0,0,0.500242699,1.522338033,0.025223499,0,0,1,2,0,0,0,8,2,1,0,0,0,2,0,26/11/2016 19:00,0,0.073454201,0.351797398,0,0,0,0,2,0,0,0,1,5,0,0,0,0,2,0,0,2.047804231,0.425251599,0.525466198,0.425251599,0.025223499,0.073454201,2016,EPL
Liverpool -- Sunderland,0.145630002,0.191315601,0.852525889,0.761169016,0.073969401,0,0,6,1,0,1,4,20,1,1,0,0,1,1,0,26/11/2016 19:00,0.0440185,0,0.223955585,0,0.0230985,0,0,1,0,0,1,0,4,0,1,0,0,0,0,0,2.024609909,0.291072585,1.263440893,0.291072585,0.410915004,0.067117,2016,EPL
Swansea -- Crystal Palace,0.203421004,1.003744068,0.808429301,0,1.536326988,1,1,3,0,3,2,4,8,0,5,1,1,1,0,2,26/11/2016 19:00,0,1.507271176,0.790162512,0,0,0,2,2,0,0,0,6,6,0,0,0,2,1,0,0,3.55192136,2.297433688,3.55192136,2.297433688,2.743492059,1.507271176,2016,EPL
Chelsea -- Tottenham,0.037919398,0,1.21156179,0,0,1,0,4,0,0,1,0,8,0,0,0,0,2,0,0,26/11/2016 21:30,0.031663001,0.0700991,0.320806303,0,0,0,1,5,0,0,1,2,9,0,0,0,0,1,0,0,1.249481188,0.422568404,1.249481188,0.422568404,0.037919398,0.101762101,2016,EPL
Watford -- Stoke,0,0,0.433874402,0,0.113869302,0,0,2,0,0,0,1,9,0,2,0,0,0,0,0,27/11/2016 16:00,0.0897834,0.126993999,0.272843406,0,0.232202482,0,0,0,0,1,1,1,6,0,6,0,0,0,0,0,0.547743704,0.721823287,0.547743704,0.721823287,0.113869302,0.448979882,2016,EPL
Arsenal -- Bournemouth,0,0,2.786499232,0,0.083199099,0,0,3,0,0,0,0,15,0,1,0,0,3,0,0,27/11/2016 18:15,0,0.611530491,0.267637196,0.761169016,0.408764988,0,1,1,1,0,0,3,4,1,1,0,0,0,1,0,2.869698331,2.049101692,2.869698331,1.287932675,0.083199099,1.020295479,2016,EPL
Manchester United -- West Ham,0,0.127790703,1.323524702,0,0,0,0,8,0,0,0,3,14,0,0,0,0,1,0,0,27/11/2016 20:30,0.028224699,0.121627003,0.180847799,0,0.418689013,0,0,1,0,1,1,1,3,0,1,0,0,0,0,1,1.451315405,0.749388514,1.451315405,0.749388514,0.127790703,0.568540715,2016,EPL
Southampton -- Everton,0,0.166796997,2.628875412,0,0.00994528,0,0,6,0,0,0,2,14,0,1,0,0,1,0,0,27/11/2016 20:30,0.059637599,0.0202416,0.475582795,0,0.0597119,0,0,1,0,0,1,1,10,0,1,0,0,0,0,0,2.805617689,0.615173893,2.805617689,0.615173893,0.176742277,0.139591098,2016,EPL
Sunderland -- Leicester,0,0.133002602,1.2945705,0,0.0138621,0,0,6,0,0,0,2,19,0,1,0,0,1,0,0,03/12/2016 15:00,0,0.278232096,0.586867907,0,0.289059444,0,1,3,0,1,0,5,9,0,4,0,0,1,0,0,1.441435202,1.154159447,1.441435202,1.154159447,0.146864702,0.56729154,2016,EPL
Manchester City -- Chelsea,0,0.058077799,2.1825366,0,0,0,0,4,0,0,0,2,12,0,0,0,0,0,0,0,03/12/2016 16:30,0,0.0728769,1.211926614,0,0,0,0,4,0,0,0,1,10,0,0,0,0,3,0,0,2.240614399,1.284803514,2.240614399,1.284803514,0.058077799,0.0728769,2016,EPL
Crystal Palace -- Southampton,0,1.52187812,0.657895379,0,0.0209573,0,2,2,0,0,0,4,4,0,1,0,2,1,0,0,03/12/2016 19:00,0,0.200265601,0.566359525,0,0,0,0,3,0,0,0,3,14,0,0,0,0,0,0,0,2.200730799,0.766625126,2.200730799,0.766625126,1.54283542,0.200265601,2016,EPL
Stoke -- Burnley,0,0.547525029,0.5973507,0,0,0,0,4,0,0,0,3,7,0,0,0,0,2,0,0,03/12/2016 19:00,0.154260896,0.1718015,0.452826601,0,0,0,1,3,0,0,2,4,8,0,0,0,0,0,0,0,1.144875729,0.778888998,1.144875729,0.778888998,0.547525029,0.326062396,2016,EPL
Tottenham -- Swansea,0.103740003,0,3.469714398,0.761169016,0,1,0,13,1,0,2,0,25,1,0,0,0,4,1,0,03/12/2016 19:00,0,0,0.034210902,0,0,0,0,0,0,0,0,0,1,0,0,0,0,0,0,0,4.334623417,0.034210902,3.573454401,0.034210902,0.103740003,0,2016,EPL
West Bromwich Albion -- Watford,0.0472418,0.533445615,0.596680094,0,0,1,1,1,0,0,1,2,8,0,0,1,1,1,0,0,03/12/2016 19:00,0,0.802568814,0.614242938,0,0.070345096,0,1,4,0,0,0,2,14,0,1,0,1,0,0,0,1.177367508,1.487156848,1.177367508,1.487156848,0.580687415,0.87291391,2016,EPL
West Ham -- Arsenal,0.064306997,0,0.471954898,0,0.370018989,0,0,2,0,1,1,0,8,0,1,0,0,0,0,1,03/12/2016 21:30,0,0.022926399,2.897758691,0,0.115318999,0,0,10,0,0,0,1,17,0,1,0,0,5,0,0,0.906280884,3.036004089,0.906280884,3.036004089,0.434325986,0.138245398,2016,EPL
Bournemouth -- Liverpool,0,0.019998301,2.140544086,0.761169016,0.155080101,0,0,6,1,1,0,1,7,1,3,0,0,2,1,1,04/12/2016 17:30,0,0.0860679,1.109154129,0,0.070097402,0,0,3,0,0,0,1,8,0,1,0,0,3,0,0,3.076791503,1.265319431,2.315622487,1.265319431,0.175078401,0.156165302,2016,EPL
Everton -- Manchester United,0,0,0.740780195,0.761169016,0.147903103,0,0,4,1,1,0,0,9,1,3,0,0,0,1,0,04/12/2016 20:00,0.099567898,0,0.3968082,0,0.0449236,0,0,2,0,0,1,0,8,0,1,0,0,1,0,0,1.649852315,0.541299697,0.888683299,0.541299697,0.147903103,0.144491497,2016,EPL
Middlesbrough -- Hull,0.045568299,0.49045711,1.414615098,0,0,0,1,3,0,0,1,2,13,0,0,0,1,0,0,0,06/12/2016 00:00,0,0.169139737,0.052199501,0,0,0,1,1,0,0,0,3,3,0,0,0,0,0,0,0,1.950640507,0.221339238,1.950640507,0.221339238,0.536025409,0.169139737,2016,EPL
Watford -- Everton,0,0.033143801,0.913946019,0,0.545620099,0,1,3,0,2,0,2,6,0,3,0,1,1,0,1,10/12/2016 16:30,0.054801799,0.37501271,0.6568937,0,0.01004,1,1,2,0,0,1,2,7,0,1,0,1,1,0,0,1.492709919,1.09674821,1.492709919,1.09674821,0.578763899,0.439854509,2016,EPL
Arsenal -- Stoke,0,0.063672601,1.516594693,0,0,0,0,6,0,0,0,3,18,0,0,0,0,3,0,0,10/12/2016 19:00,0,0.067944298,0.464898936,0.761169016,0,0,2,2,1,0,0,4,7,1,0,0,0,0,1,0,1.580267294,1.29401225,1.580267294,0.532843234,0.063672601,0.067944298,2016,EPL
Burnley -- Bournemouth,0,1.283257689,0.4383805,0,0.479708692,0,2,3,0,2,0,6,6,0,3,0,1,2,0,0,10/12/2016 19:00,0.046579398,0.130339399,0.814346713,0,0.015777601,1,1,2,0,0,1,5,11,0,1,0,1,1,0,0,2.201346882,1.007043111,2.201346882,1.007043111,1.762966381,0.192696398,2016,EPL
Hull -- Crystal Palace,0,0.0288071,1.377904201,0.761169016,0,0,0,5,1,0,0,1,13,1,0,0,0,2,1,0,10/12/2016 19:00,0,0.0877137,0.651708712,0.761169016,0,0,2,3,1,0,0,2,12,1,0,0,1,1,1,0,2.167880317,1.500591428,1.406711301,0.739422412,0.0288071,0.0877137,2016,EPL
Swansea -- Sunderland,0,0.190286003,0.781189877,0.761169016,0.449205108,0,1,2,1,1,0,2,8,1,3,0,1,1,1,0,10/12/2016 19:00,0.061909899,0.171291694,0.4206708,0,0.019385099,0,1,1,0,0,1,2,7,0,1,0,0,0,0,0,2.181850004,0.673257492,1.420680988,0.673257492,0.639491111,0.252586693,2016,EPL
Leicester -- Manchester City,0,0.477351192,2.128478739,0,0,0,0,6,0,0,0,3,8,0,0,0,0,4,0,0,10/12/2016 21:30,0.0634128,0.0633054,0.846985091,0,0,1,0,3,0,0,1,1,17,0,0,1,0,1,0,0,2.605829932,0.973703292,2.605829932,0.973703292,0.477351192,0.126718201,2016,EPL
Chelsea -- West Bromwich Albion,0.152686,0,0.399394698,0,0,1,0,1,0,0,3,0,9,0,0,0,0,1,0,0,11/12/2016 16:00,0,0,0.212574095,0,0,0,0,1,0,0,0,0,6,0,0,0,0,0,0,0,0.552080698,0.212574095,0.552080698,0.212574095,0.152686,0,2016,EPL
Manchester United -- Tottenham,0.043439399,0.073484,0.919807907,0,0.013268,0,1,4,0,0,1,2,10,0,1,0,0,1,0,0,11/12/2016 18:15,0.114804197,0.0168861,0.191890699,0,0.396759987,2,0,2,0,0,2,1,8,0,1,0,0,0,0,0,1.049999307,0.720340983,1.049999307,0.720340983,0.1301914,0.528450284,2016,EPL
Southampton -- Middlesbrough,0,0.258364391,1.470828017,0,0,0,1,1,0,0,0,3,11,0,0,0,0,1,0,0,11/12/2016 18:15,0,0,0.53174871,0,0,0,0,1,0,0,0,0,6,0,0,0,0,0,0,0,1.729192408,0.53174871,1.729192408,0.53174871,0.258364391,0,2016,EPL
Liverpool -- West Ham,0,0.189305402,1.602030772,0,0,0,0,3,0,0,0,2,16,0,0,0,0,2,0,0,11/12/2016 20:30,0.061276801,0.040572401,0.548130714,0,0,1,0,2,0,0,1,1,5,0,0,1,0,1,0,0,1.791336174,0.649979916,1.791336174,0.649979916,0.189305402,0.101849202,2016,EPL
Bournemouth -- Leicester,0,0,0.659903012,0,0,0,0,3,0,0,0,0,9,0,0,0,0,1,0,0,13/12/2016 23:45,0,0.050047899,0.998907175,0,0.626143992,0,0,3,0,1,0,2,9,0,1,0,0,0,0,0,0.659903012,1.675099066,0.659903012,1.675099066,0,0.676191891,2016,EPL
Everton -- Arsenal,0.077163301,0.512338892,0.662685903,0,0.208149306,0,2,2,0,0,1,3,8,0,2,0,1,1,0,0,13/12/2016 23:45,0.144099995,0.048273198,0.408417108,0,0.999993026,1,0,0,0,0,1,1,5,0,2,1,0,0,0,0,1.460337402,1.600783328,1.460337402,1.600783328,0.7976515,1.19236622,2016,EPL
Middlesbrough -- Liverpool,0,0,0.122705699,0,0.03887777,0,0,2,0,1,0,0,5,0,3,0,0,0,0,0,14/12/2016 23:45,0.061204601,0.0116322,2.05250123,0,0.016128,0,0,4,0,0,1,1,12,0,1,0,0,3,0,0,0.161583469,2.141466031,0.161583469,2.141466031,0.03887777,0.088964801,2016,EPL
Sunderland -- Chelsea,0,0.057140101,0.374766804,0,0.0420723,0,1,1,0,1,0,1,6,0,1,0,0,0,0,0,14/12/2016 23:45,0.193999805,0.047179801,0.98340629,0,0,1,1,4,0,0,2,2,15,0,0,0,0,1,0,0,0.473979205,1.224585896,0.473979205,1.224585896,0.099212401,0.241179606,2016,EPL
West Ham -- Burnley,0,0.1131895,0.533220397,0.761169016,0.945372414,0,2,3,1,1,0,5,12,1,2,0,0,0,0,1,14/12/2016 23:45,0.0652982,0,0.907990888,0,0.108425997,1,0,1,0,0,1,0,6,0,1,0,0,0,0,0,2.352951327,1.081715085,1.591782311,1.081715085,1.058561914,0.173724197,2016,EPL
Crystal Palace -- Manchester United,0,0.055851899,0.466903085,0,0.187568806,0,1,2,0,0,0,1,3,0,2,0,0,1,0,0,15/12/2016 00:00,0.036635101,0.084796298,0.552381204,0,0.599251986,0,0,5,0,1,1,3,11,0,1,0,0,1,0,1,0.71032379,1.273064589,0.71032379,1.273064589,0.243420705,0.720683385,2016,EPL
Manchester City -- Watford,0,0.085749097,1.537838399,0,0,0,2,5,0,0,0,3,10,0,0,0,0,2,0,0,15/12/2016 00:00,0.037328001,0,0.381672728,0,0.0784619,0,0,1,0,1,1,0,3,0,1,0,0,0,0,0,1.623587497,0.497462629,1.623587497,0.497462629,0.085749097,0.115789901,2016,EPL
Stoke -- Southampton,0,0.116517998,0.130111301,0,0.087124802,0,0,3,0,0,0,1,3,0,1,0,0,0,0,0,15/12/2016 00:00,0.2402987,0.196017202,0.268049002,0,0.018748499,1,0,3,0,0,2,4,8,0,1,0,0,0,0,0,0.333754102,0.723113403,0.333754102,0.723113403,0.2036428,0.455064401,2016,EPL
Tottenham -- Hull,0.1793666,0.016507201,1.989693191,0,0.678061727,1,0,7,0,1,3,1,20,0,3,0,0,2,0,1,15/12/2016 00:00,0,0.0538914,0.530631403,0,0,0,1,4,0,0,0,3,7,0,0,0,0,0,0,0,2.863628719,0.584522802,2.863628719,0.584522802,0.873935528,0.0538914,2016,EPL
West Bromwich Albion -- Swansea,0,0,1.437607269,0,0.345070988,0,0,3,0,1,0,0,12,0,1,0,0,2,0,1,15/12/2016 00:00,0.0529694,0.0898986,1.044891715,0,0,1,1,2,0,0,1,3,4,0,0,0,0,1,0,0,1.782678257,1.187759715,1.782678257,1.187759715,0.345070988,0.142868,2016,EPL
Crystal Palace -- Chelsea,0.1649592,0,0.191372504,0,0,0,0,2,0,0,2,0,4,0,0,0,0,0,0,0,17/12/2016 16:30,0.148576997,0,0.596319301,0,0.073698001,0,0,5,0,1,2,0,9,0,2,0,0,1,0,0,0.356331703,0.818594299,0.356331703,0.818594299,0.1649592,0.222274998,2016,EPL
Middlesbrough -- Swansea,0.089840204,0,0.799726769,0.761169016,0.064754799,0,0,3,1,0,1,0,7,1,1,0,0,2,1,0,17/12/2016 19:00,0,0.097196102,0.506181899,0,0,0,0,2,0,0,0,1,13,0,0,0,0,0,0,0,1.715490788,0.603378001,0.954321772,0.603378001,0.154595003,0.097196102,2016,EPL
Stoke -- Leicester,0,0.0374391,0.864071183,0.761169016,0.874323793,0,1,4,1,1,0,2,11,1,2,0,0,0,1,1,17/12/2016 19:00,0.0587148,0.068067402,1.118342282,0,0.0105993,0,1,6,0,1,1,3,9,0,1,0,0,2,0,0,2.537003092,1.255723784,1.775834076,1.255723784,0.911762893,0.137381501,2016,EPL
Sunderland -- Watford,0,0.064470597,1.016343623,0,0.054449201,0,0,2,0,0,0,1,9,0,1,0,0,1,0,0,17/12/2016 19:00,0.123999998,0.120218001,0.148412097,0,0.682884991,0,3,0,0,1,1,4,3,0,2,0,0,0,0,0,1.135263421,1.075515088,1.135263421,1.075515088,0.118919797,0.92710299,2016,EPL
West Ham -- Hull,0.182865094,0.625762687,0.3517092,0.761169016,0,2,1,1,1,0,3,7,8,1,0,0,0,0,1,0,17/12/2016 19:00,0,0.217561603,0.902250106,0,0.0149739,0,1,2,0,1,0,3,12,0,1,0,0,0,0,0,1.921505998,1.134785608,1.160336982,1.134785608,0.808627781,0.232535503,2016,EPL
West Bromwich Albion -- Manchester United,0,0.054576602,0.496755603,0,0.049093999,0,0,1,0,0,0,1,7,0,2,0,0,0,0,0,17/12/2016 21:30,0,0,0.995122993,0,0,0,0,5,0,0,0,0,10,0,0,0,0,2,0,0,0.600426204,0.995122993,0.600426204,0.995122993,0.103670601,0,2016,EPL
Bournemouth -- Southampton,0,0.075921498,0.379687101,0,0.037303101,0,1,4,0,0,0,1,8,0,1,0,1,0,0,0,18/12/2016 17:30,0,0,1.694513788,0,0,0,0,7,0,0,0,0,14,0,0,0,0,3,0,0,0.4929117,1.694513788,0.4929117,1.694513788,0.1132246,0,2016,EPL
Manchester City -- Arsenal,0,0.065249999,1.398100105,0,0.0552461,0,1,4,0,0,0,3,10,0,1,0,0,2,0,0,18/12/2016 20:00,0,0.056432299,0.553460903,0,0,0,0,1,0,0,0,1,5,0,0,0,0,1,0,0,1.518596204,0.609893202,1.518596204,0.609893202,0.120496099,0.056432299,2016,EPL
Tottenham -- Burnley,0.044435501,0.237873419,1.203248097,0,0.0267317,0,2,7,0,0,1,6,22,0,1,0,0,2,0,0,18/12/2016 20:00,0,0,1.183109403,0,0.0333024,0,0,2,0,0,0,0,4,0,1,0,0,1,0,0,1.512288716,1.216411803,1.512288716,1.216411803,0.30904062,0.0333024,2016,EPL
Everton -- Liverpool,0.054599602,0.284245014,0.0759599,0,0.041983001,0,0,0,0,1,1,1,3,0,1,0,0,0,0,0,20/12/2016 00:00,0,0.061225299,1.839304473,0,0,0,1,2,0,0,0,1,10,0,0,0,0,1,0,0,0.456787517,1.900529772,0.456787517,1.900529772,0.380827617,0.061225299,2016,EPL
Leicester -- Everton,0,0.025268201,0.352195496,0,0,0,0,2,0,0,0,1,6,0,0,0,0,0,0,0,26/12/2016 15:00,0,0.079558998,1.175563548,0,0,0,0,3,0,0,0,1,7,0,0,0,0,2,0,0,0.377463697,1.255122546,0.377463697,1.255122546,0.025268201,0.079558998,2016,EPL
Watford -- Crystal Palace,0,0,0.1724874,0.761169016,0.0261178,0,0,2,1,0,0,0,7,1,1,0,0,0,1,0,26/12/2016 16:30,0,0.0262792,0.62591311,0.761169016,0.124981001,0,1,2,1,0,0,1,7,1,1,0,0,1,0,0,0.959774216,1.538342327,0.198605199,0.777173311,0.0261178,0.151260201,2016,EPL
Arsenal -- West Bromwich Albion,0,0.224012901,1.774371587,0,0,0,1,10,0,0,0,3,23,0,0,0,0,1,0,0,26/12/2016 19:00,0,0.490298986,0.197202902,0,0,0,0,1,0,0,0,1,2,0,0,0,0,0,0,0,1.998384488,0.687501889,1.998384488,0.687501889,0.224012901,0.490298986,2016,EPL
Burnley -- Middlesbrough,0.067765698,0.0154138,0.106919298,0,0.085604797,1,0,2,0,1,1,1,2,0,2,0,0,0,0,1,26/12/2016 19:00,0.078829899,0.193871602,0.355071397,0,0.071041301,1,1,0,0,0,2,2,3,0,1,0,0,0,0,0,0.275703593,0.6988142,0.275703593,0.6988142,0.168784295,0.343742803,2016,EPL
Chelsea -- Bournemouth,0.089316197,0.0380059,0.8245389,0.761169016,0,0,0,3,1,0,1,1,11,1,0,0,0,1,1,0,26/12/2016 19:00,0.090109803,0,0.476703997,0,0.0841284,0,0,3,0,0,1,0,5,0,2,0,0,0,0,0,1.713030012,0.6509422,0.951860996,0.6509422,0.127322096,0.174238203,2016,EPL
Manchester United -- Sunderland,0.219295204,0.095881201,2.005997901,0,0,2,0,7,0,0,2,3,21,0,0,0,0,3,0,0,26/12/2016 19:00,0.0982453,0.1286841,0.261611503,0,0,1,0,3,0,0,2,2,5,0,0,0,0,1,0,0,2.321174306,0.488540903,2.321174306,0.488540903,0.315176405,0.2269294,2016,EPL
Swansea -- West Ham,0.0568088,0.047280699,0.850775215,0,0,1,0,6,0,0,1,2,11,0,0,0,0,1,0,0,26/12/2016 19:00,0,0.475948006,3.016141146,0,0,0,1,6,0,0,0,1,13,0,0,0,1,3,0,0,0.954864713,3.492089152,0.954864713,3.492089152,0.104089499,0.475948006,2016,EPL
Hull -- Manchester City,0.046922501,0.045344999,0.172793901,0,0.0850081,1,0,1,0,0,1,2,7,0,1,0,0,0,0,0,26/12/2016 21:15,0.066777498,0.105459904,1.288962271,0.761169016,0,1,0,4,1,0,1,2,12,1,0,0,0,1,1,0,0.350069501,2.222368689,0.350069501,1.461199673,0.1772756,0.172237402,2016,EPL
Liverpool -- Stoke,0,0.077603303,1.589089505,0,0,0,0,5,0,0,0,3,17,0,0,0,0,3,0,0,27/12/2016 21:15,0,0,0.395330299,0,0,0,0,2,0,0,0,0,7,0,0,0,0,1,0,0,1.666692808,0.395330299,1.666692808,0.395330299,0.077603303,0,2016,EPL
Southampton -- Tottenham,0,0,0.201235401,0,0.202507349,0,0,1,0,1,0,0,6,0,3,0,0,0,0,1,28/12/2016 23:45,0,0.129085798,0.698850403,0.761169016,0.021241101,0,1,4,0,0,0,4,11,1,1,0,1,3,0,0,0.40374275,1.610346317,0.40374275,0.849177301,0.202507349,0.150326898,2016,EPL
Hull -- Everton,0.133680299,0.104453003,0.501779113,0,0.120408997,1,2,1,0,0,2,3,8,0,1,1,1,0,0,0,31/12/2016 00:00,0,0,1.277972661,0,0,0,0,7,0,0,0,0,20,0,0,0,0,1,0,0,0.860321412,1.277972661,0.860321412,1.277972661,0.358542299,0,2016,EPL
Leicester -- West Ham,0.082213096,0.067359596,0.962782105,0,0,1,0,3,0,0,1,1,10,0,0,0,0,1,0,0,31/12/2016 15:00,0.200314894,0.148509499,1.148498181,0,0.0873807,2,0,3,0,0,3,3,15,0,3,0,0,0,0,0,1.112354798,1.584703274,1.112354798,1.584703274,0.149572693,0.436205093,2016,EPL
Manchester United -- Middlesbrough,0.054154299,0.697870802,1.680739892,0,0.117402002,0,3,9,0,0,1,7,23,0,1,0,0,2,0,0,31/12/2016 15:00,0,0.016197,0.628723009,0,0,0,0,2,0,0,0,1,8,0,0,0,0,1,0,0,2.550166995,0.644920009,2.550166995,0.644920009,0.869427104,0.016197,2016,EPL
Burnley -- Sunderland,0,0.064344399,1.815092869,0.761169016,0.084101401,0,0,5,1,0,0,1,13,1,1,0,0,3,1,0,31/12/2016 19:00,0,0.101292599,0.364407877,0,0,0,1,2,0,0,0,2,9,0,0,0,0,1,0,0,2.724707685,0.465700475,1.963538669,0.465700475,0.1484458,0.101292599,2016,EPL
Chelsea -- Stoke,0.075696997,0.607512189,1.264163792,0,0,0,2,5,0,0,1,5,12,0,0,0,1,3,0,0,31/12/2016 19:00,0,0.090141997,0.563829005,0,0.204445502,0,0,1,0,1,0,1,1,0,3,0,0,1,0,1,1.947372979,0.858416503,1.947372979,0.858416503,0.683209186,0.294587499,2016,EPL
Southampton -- West Bromwich Albion,0,0.0864339,0.194612304,0,0.090621401,0,1,0,0,0,0,3,5,0,2,0,1,0,0,0,31/12/2016 19:00,0,0.013167,0.593718399,0,0.060614999,0,0,3,0,0,0,1,5,0,1,0,0,2,0,0,0.371667604,0.667500399,0.371667604,0.667500399,0.1770553,0.073782,2016,EPL
Swansea -- Bournemouth,0,0.187849309,0.246893672,0,0.0804748,0,1,3,0,1,0,3,8,0,3,0,0,0,0,0,31/12/2016 19:00,0.032772399,0,2.403311078,0,0,1,0,5,0,0,1,0,10,0,0,0,0,3,0,0,0.515217782,2.436083478,0.515217782,2.436083478,0.26832411,0.032772399,2016,EPL
Liverpool -- Manchester City,0,0,0.256825406,0,0,0,0,1,0,0,0,0,5,0,0,0,0,1,0,0,31/12/2016 21:30,0.075127199,0.0272344,0.2500838,0,0,0,1,1,0,0,1,1,7,0,0,0,0,0,0,0,0.256825406,0.352445399,0.256825406,0.352445399,0,0.102361599,2016,EPL
Watford -- Tottenham,0,0,0.140380401,0,1.122931004,0,0,0,0,2,0,0,4,0,2,0,0,0,0,1,01/01/2017 13:30,0.120148003,0.045530401,2.479280716,0,0.420132503,1,0,5,0,0,1,1,15,0,2,0,0,4,0,0,1.263311405,3.065091623,1.263311405,3.065091623,1.122931004,0.585810907,2016,EPL
Arsenal -- Crystal Palace,0.064055003,0.150048698,1.462451814,0,0,0,0,7,0,0,1,4,17,0,0,0,0,2,0,0,01/01/2017 20:00,0,0.064890499,0.156578202,0,0,0,2,2,0,0,0,3,4,0,0,0,0,0,0,0,1.676555515,0.221468701,1.676555515,0.221468701,0.214103702,0.064890499,2016,EPL
Everton -- Southampton,0,0.145341503,1.443459443,0.761169016,0,0,0,5,1,0,0,4,12,1,0,0,0,2,1,0,02/01/2017 15:00,0,0.146530902,0.864301894,0,0,0,0,3,0,0,0,2,10,0,0,0,0,0,0,0,2.349969962,1.010832796,1.588800945,1.010832796,0.145341503,0.146530902,2016,EPL
Manchester City -- Burnley,0,0.050091799,0.567320094,0,0,0,1,2,0,0,0,2,12,0,0,0,0,2,0,0,02/01/2017 15:00,0.175236799,0.225902,0.240972201,0,0,0,1,1,0,0,2,4,5,0,0,0,1,0,0,0,0.617411893,0.642111001,0.617411893,0.642111001,0.050091799,0.401138799,2016,EPL
Middlesbrough -- Leicester,0,0,0.676646199,0,0.0204615,0,0,1,0,0,0,0,8,0,1,0,0,0,0,0,02/01/2017 16:30,0.123677999,0.059469,0.254439104,0,0.039491098,1,1,1,0,1,2,1,6,0,1,0,0,0,0,0,0.697107699,0.477077201,0.697107699,0.477077201,0.0204615,0.222638097,2016,EPL
Sunderland -- Liverpool,0.066238999,0,0.327936202,1.522338033,0,0,0,3,2,0,1,0,7,2,0,0,0,0,2,0,02/01/2017 19:00,0,0.82985701,1.460566894,0,0.043818299,0,3,10,0,2,0,5,14,0,2,0,2,0,0,0,1.916513234,2.334242203,0.394175202,2.334242203,0.066238999,0.873675309,2016,EPL
West Bromwich Albion -- Hull,0,0.449761003,0.4338059,0,0,0,2,3,0,0,0,2,6,0,0,0,2,1,0,0,02/01/2017 19:00,0.0571732,0.168184903,0.766983615,0,0,1,2,3,0,0,1,5,11,0,0,0,0,1,0,0,0.883566903,0.992341718,0.883566903,0.992341718,0.449761003,0.225358102,2016,EPL
West Ham -- Manchester United,0,0.034016501,0.623442808,0,0.142452002,0,0,2,0,0,0,1,6,0,1,0,0,0,0,0,02/01/2017 21:15,0.0485075,0,2.24679219,0,0,0,0,6,0,0,1,0,12,0,0,0,0,2,0,0,0.799911311,2.29529969,0.799911311,2.29529969,0.176468503,0.0485075,2016,EPL
Bournemouth -- Arsenal,0.0912158,0.036644,0.669560915,0.761169016,0,1,1,3,1,0,2,2,8,1,0,0,0,2,1,0,03/01/2017 23:45,0,0.061751001,1.064536994,0,0,0,0,4,0,0,0,1,13,0,0,0,0,3,0,0,1.558589731,1.126287995,0.797420715,1.126287995,0.1278598,0.061751001,2016,EPL
Crystal Palace -- Swansea,0.0371622,0,0.221190797,0,0.072923198,1,0,1,0,1,1,0,5,0,1,0,0,1,0,0,04/01/2017 00:00,0,0.049968299,0.996942519,0,0.142381903,0,0,3,0,1,0,1,8,0,2,0,0,1,0,1,0.331276195,1.189292721,0.331276195,1.189292721,0.110085398,0.192350201,2016,EPL
Stoke -- Watford,0,0.168799398,1.841946981,0,0.062807202,0,1,4,0,0,0,4,11,0,1,0,1,1,0,0,04/01/2017 00:00,0.102110997,0.140094701,0.257864606,0,0.0103245,0,0,1,0,0,1,2,5,0,1,0,0,0,0,0,2.073553581,0.510394803,2.073553581,0.510394803,0.2316066,0.252530198,2016,EPL
Tottenham -- Chelsea,0.039516199,0,0.959974768,0,0.00995436,0,0,2,0,0,1,0,7,0,1,0,0,2,0,0,05/01/2017 00:00,0.0480057,0,0.864749086,0,0,0,0,2,0,0,1,0,10,0,0,0,0,0,0,0,1.009445327,0.912754786,1.009445327,0.912754786,0.04947056,0.0480057,2016,EPL
Tottenham -- West Bromwich Albion,0,0.197088998,2.437632171,0,0.026654599,0,2,9,0,0,0,5,15,0,1,0,0,3,0,0,14/01/2017 16:30,0,0,0.097060289,0,0.067958899,0,0,0,0,0,0,0,3,0,1,0,0,0,0,0,2.661375768,0.165019188,2.661375768,0.165019188,0.223743597,0.067958899,2016,EPL
Burnley -- Southampton,0.145303302,0.069697998,0.215582902,0,0.033970501,2,0,1,0,0,3,1,4,0,1,1,0,0,0,0,14/01/2017 19:00,0,0.166481003,0.743321198,0,0.0601038,0,1,4,0,0,0,2,17,0,1,0,0,0,0,0,0.464554703,0.969906001,0.464554703,0.969906001,0.248971801,0.226584803,2016,EPL
Hull -- Bournemouth,0,0.0867524,0.857261619,0,0.245026693,0,0,3,0,0,0,2,9,0,3,0,0,2,0,0,14/01/2017 19:00,0,0,0.673383495,0.761169016,0,0,0,5,1,0,0,0,7,1,1,0,0,0,1,0,1.189040711,1.434552511,1.189040711,0.673383495,0.331779093,0,2016,EPL
Sunderland -- Stoke,0,0.120646702,0.969848711,0,0.046003901,0,0,3,0,0,0,2,9,0,2,0,0,1,0,0,14/01/2017 19:00,0.065596297,0,1.115572197,0,0.054377198,0,0,6,0,0,1,0,12,0,1,0,0,3,0,0,1.136499315,1.235545693,1.136499315,1.235545693,0.166650604,0.119973496,2016,EPL
Swansea -- Arsenal,0,0.094272397,0.394212604,0,0,0,0,3,0,0,0,3,11,0,0,0,0,0,0,0,14/01/2017 19:00,0,0,2.363943912,0,0,0,0,6,0,0,0,0,14,0,0,0,0,2,0,0,0.488485001,2.363943912,0.488485001,2.363943912,0.094272397,0,2016,EPL
Watford -- Middlesbrough,0,0.145427902,0.640267265,0,0.0501322,0,2,2,0,1,0,2,9,0,1,0,0,0,0,0,14/01/2017 19:00,0,0,0.325347105,0,0,0,0,1,0,0,0,0,5,0,0,0,0,0,0,0,0.835827367,0.325347105,0.835827367,0.325347105,0.195560102,0,2016,EPL
West Ham -- Crystal Palace,0.058933999,0,1.579080801,0,0.085364798,0,0,3,0,0,1,0,11,0,2,0,0,3,0,0,14/01/2017 19:00,0.074293397,0,0.255286203,0,0.737769786,0,0,1,0,0,1,0,7,0,2,0,0,0,0,0,1.723379599,1.067349386,1.723379599,1.067349386,0.144298797,0.812063184,2016,EPL
Leicester -- Chelsea,0,0.024675401,0.154468797,0,0,0,1,1,0,0,0,1,6,0,0,0,0,0,0,0,14/01/2017 21:30,0,0.023474799,0.589938188,0,0.125412997,0,0,2,0,1,0,1,5,0,2,0,0,2,0,1,0.179144198,0.738825984,0.179144198,0.738825984,0.024675401,0.148887796,2016,EPL
Manchester United -- Liverpool,0.173355997,0,0.858420788,0,0,1,0,2,0,0,1,0,8,0,0,0,0,1,0,0,15/01/2017 16:00,0,0.019014901,0.611150892,0.761169016,0.069240302,0,0,3,1,0,0,1,10,1,1,0,0,0,1,0,1.031776785,1.460575111,1.031776785,0.699406095,0.173355997,0.088255202,2016,EPL
Everton -- Manchester City,0,0,0.572528291,0,0,0,0,4,0,0,0,0,6,0,0,0,0,4,0,0,15/01/2017 17:30,0.103719,0.074975599,0.363666848,0,0.0269239,1,0,2,0,1,2,3,7,0,1,0,0,0,0,0,0.572528291,0.569285347,0.572528291,0.569285347,0,0.205618499,2016,EPL
Liverpool -- Swansea,0,0.193092899,1.031288807,0,0.0159915,0,1,4,0,0,0,3,12,0,1,0,0,2,0,0,21/01/2017 15:30,0.049145699,0.662612217,0.893063992,0,0,0,1,2,0,0,1,3,2,0,0,0,1,2,0,0,1.240373206,1.604821908,1.240373206,1.604821908,0.209084399,0.711757916,2016,EPL
Bournemouth -- Watford,0,0.026567301,1.121346503,0,0,0,0,5,0,0,0,1,14,0,0,0,0,2,0,0,21/01/2017 18:00,0,0.809276221,0.152894598,0,0.125140809,0,2,1,0,0,0,4,4,0,2,0,2,0,0,0,1.147913804,1.087311628,1.147913804,1.087311628,0.026567301,0.934417031,2016,EPL
Crystal Palace -- Everton,0,0.090792898,0.1740322,0,0.198907599,0,0,0,0,2,0,2,2,0,4,0,0,0,0,0,21/01/2017 18:00,0,0.237941194,0.711619795,0,0,0,2,6,0,0,0,4,13,0,0,0,0,1,0,0,0.463732697,0.94956099,0.463732697,0.94956099,0.289700497,0.237941194,2016,EPL
Middlesbrough -- West Ham,0.055572402,0.0211898,0.822498497,0,0.059565298,0,0,2,0,0,1,1,8,0,1,0,0,1,0,0,21/01/2017 18:00,0,0.498643893,2.164382778,0,0,0,1,4,0,0,0,2,11,0,0,0,1,2,0,0,0.958825996,2.663026671,0.958825996,2.663026671,0.1363275,0.498643893,2016,EPL
Stoke -- Manchester United,0,0,0.353776637,0,0,0,0,1,0,0,0,0,6,0,0,0,0,0,0,0,21/01/2017 18:00,0.0541755,0.207688896,1.22984782,0,0.258963905,1,2,4,0,1,1,5,17,0,3,1,0,0,0,0,0.353776637,1.750676122,0.353776637,1.750676122,0,0.520828301,2016,EPL
West Bromwich Albion -- Sunderland,0,0.090701602,1.240194489,0,0.0366476,0,1,4,0,0,0,1,11,0,2,0,1,1,0,0,21/01/2017 18:00,0.111977004,0,0.2596504,0,0.069259301,0,0,3,0,0,1,0,6,0,2,0,0,0,0,0,1.367543692,0.440886704,1.367543692,0.440886704,0.127349203,0.181236304,2016,EPL
Manchester City -- Tottenham,0,0.081034701,2.430118985,0,0.0158718,0,1,6,0,0,0,2,14,0,1,0,0,2,0,0,21/01/2017 20:30,0,0.0299455,1.093963671,0,0,0,0,2,0,0,0,2,4,0,0,0,0,2,0,0,2.527025487,1.123909172,2.527025487,1.123909172,0.096906502,0.0299455,2016,EPL
Southampton -- Leicester,0,0,1.224937767,0.761169016,0.513868988,0,0,5,1,1,0,0,18,1,1,0,0,1,1,1,22/01/2017 15:00,0.11417,0.589082975,0.183847499,0,0.0487657,0,0,2,0,0,1,2,6,0,2,0,0,0,0,0,2.499975771,0.935866174,1.738806754,0.935866174,0.513868988,0.752018675,2016,EPL
Arsenal -- Burnley,0,0.152226797,0.810597,0.761169016,0.140439503,0,2,5,1,0,0,4,17,1,2,0,1,0,1,0,22/01/2017 17:15,0.0400071,0.0704101,0.417120504,0.761169016,0.0107695,1,0,5,1,0,1,2,8,1,1,0,0,0,1,0,1.864432316,1.29947622,1.1032633,0.538307204,0.2926663,0.1211867,2016,EPL
Chelsea -- Hull,0,0.0596918,0.734418908,0,0.677540004,0,1,3,0,1,0,3,5,0,1,0,0,1,0,1,22/01/2017 19:30,0.0517423,0.1006159,0.1621741,0,0,0,1,3,0,0,1,2,6,0,0,0,0,0,0,0,1.471650712,0.3145323,1.471650712,0.3145323,0.737231804,0.1523582,2016,EPL
Arsenal -- Watford,0.073321603,0.1808803,0.769697197,0,0.056270499,0,0,5,0,0,1,5,13,0,1,0,0,1,0,0,31/01/2017 22:45,0,0.0349396,0.948645514,0,0.0300193,0,0,5,0,1,0,2,6,0,2,0,0,1,0,1,1.080169599,1.013604414,1.080169599,1.013604414,0.310472402,0.0649589,2016,EPL
Bournemouth -- Crystal Palace,0.0385141,0.053576298,0.087819199,0,0.141080007,1,1,0,0,0,1,2,6,0,1,0,0,0,0,0,31/01/2017 22:45,0.0367967,0.551647007,0.875383602,0,0.142846901,0,1,2,0,0,1,1,7,0,2,0,1,1,0,0,0.320989604,1.60667421,0.320989604,1.60667421,0.233170405,0.731290609,2016,EPL
Burnley -- Leicester,0,1.2171087,0.512000201,0,0.108661901,0,1,2,0,0,0,10,12,0,2,0,1,0,0,0,31/01/2017 22:45,0,0,0.720626208,0,0.0618308,0,0,5,0,0,0,0,12,0,1,0,0,0,0,0,1.837770803,0.782457008,1.837770803,0.782457008,1.325770602,0.0618308,2016,EPL
Middlesbrough -- West Bromwich Albion,0,0.049274702,0.206931399,0.761169016,0.167315401,0,1,1,1,0,0,1,6,1,3,0,0,0,1,0,31/01/2017 22:45,0,0,0.9139593,0,0.377681103,0,0,3,0,2,0,0,10,0,5,0,0,0,0,1,1.184690518,1.291640403,0.423521502,1.291640403,0.216590103,0.377681103,2016,EPL
Sunderland -- Tottenham,0,0,0.228009298,0,0,0,0,1,0,0,0,0,3,0,0,0,0,0,0,0,31/01/2017 22:45,0.047692198,0.442691809,0.192374999,0,0,1,0,2,0,0,1,5,8,0,0,0,0,0,0,0,0.228009298,0.682759006,0.228009298,0.682759006,0,0.490384007,2016,EPL
Swansea -- Southampton,0,0.342312299,0.421781102,0,0,0,1,4,0,0,0,5,7,0,0,0,1,1,0,0,31/01/2017 22:45,0,0,0.881818213,0,0.025284801,0,0,2,0,0,0,0,9,0,1,0,0,1,0,0,0.764093401,0.907103013,0.764093401,0.907103013,0.342312299,0.025284801,2016,EPL
Liverpool -- Chelsea,0,0,1.204850406,0,0,0,0,3,0,0,0,0,7,0,0,0,0,1,0,0,31/01/2017 23:00,0.051789299,0,0.2536461,0.761169016,0,1,0,0,1,0,1,0,6,1,0,1,0,0,0,0,1.204850406,1.066604415,1.204850406,0.305435399,0,0.051789299,2016,EPL
West Ham -- Manchester City,0.115191501,0.037544001,0.341983706,0,0,0,0,1,0,0,2,1,3,0,0,0,0,0,0,0,01/02/2017 22:45,0.173244797,0.100383002,1.631099507,0.761169016,0,0,0,3,1,0,2,3,5,1,0,0,0,3,1,0,0.494719207,2.665896323,0.494719207,1.904727306,0.152735502,0.273627799,2016,EPL
Manchester United -- Hull,0,0.577381087,0.904125201,0,0,0,1,5,0,0,0,3,13,0,0,0,0,0,0,0,01/02/2017 23:00,0,0.0249002,0.160876702,0,0.210118994,0,1,1,0,0,0,1,4,0,1,0,0,0,0,0,1.481506288,0.395895896,1.481506288,0.395895896,0.577381087,0.235019194,2016,EPL
Stoke -- Everton,0.036929499,0.084634401,1.604793725,0,0.00983864,0,1,5,0,0,1,3,10,0,1,0,0,1,0,0,01/02/2017 23:00,0.044124398,0.015716501,0.7618652,0,0.074010539,0,0,4,0,1,1,1,11,0,2,0,0,0,0,0,1.736196265,0.895716637,1.736196265,0.895716637,0.13140254,0.133851438,2016,EPL
Chelsea -- Arsenal,0,0.0169915,1.8276741,0,0.109840997,0,1,5,0,0,0,1,11,0,1,0,0,3,0,0,04/02/2017 12:30,0,0.532986496,0.417048896,0,0,0,2,3,0,0,0,5,4,0,0,0,0,1,0,0,1.954506597,0.950035391,1.954506597,0.950035391,0.126832496,0.532986496,2016,EPL
Crystal Palace -- Sunderland,0.114652,0.303591307,1.457698432,0,0.644935105,0,1,7,0,0,1,5,12,0,3,0,0,0,0,0,04/02/2017 15:00,0,0,0.383085702,0,0.460983988,0,0,5,0,2,0,0,8,0,2,0,0,3,0,1,2.520876844,0.84406969,2.520876844,0.84406969,1.063178413,0.460983988,2016,EPL
Everton -- Bournemouth,0,0,2.731200512,0,0.0561326,0,0,8,0,2,0,0,13,0,2,0,0,6,0,0,04/02/2017 15:00,0.061363399,0.623049293,1.693076736,0,0.0325331,1,3,4,0,0,1,4,11,0,2,0,1,2,0,0,2.787333112,2.410022528,2.787333112,2.410022528,0.0561326,0.716945792,2016,EPL
Hull -- Liverpool,0,0.583545983,1.302318793,0,0,0,1,3,0,0,0,1,6,0,0,0,1,1,0,0,04/02/2017 15:00,0,0.397465909,0.492158405,0,0.247514805,0,2,3,0,0,0,7,10,0,5,0,0,0,0,0,1.885864776,1.137139119,1.885864776,1.137139119,0.583545983,0.644980714,2016,EPL
Southampton -- West Ham,0.091517098,0.181918804,0.792044663,0,0,1,0,6,0,0,2,3,16,0,0,0,0,1,0,0,04/02/2017 15:00,0.514060974,0.0134587,0.390330492,0,0,1,1,2,0,0,1,1,4,0,0,1,1,1,0,0,1.065480565,0.917850166,1.065480565,0.917850166,0.273435902,0.527519674,2016,EPL
Watford -- Burnley,0,0.063478298,1.579058688,0,0.020539699,0,0,7,0,0,0,1,14,0,1,0,0,2,0,0,04/02/2017 15:00,0.095282502,0.071319201,0.396058443,0.761169016,0.154846795,1,1,3,1,0,1,3,4,1,2,0,0,0,1,0,1.663076686,1.478675958,1.663076686,0.717506941,0.084017998,0.321448498,2016,EPL
West Bromwich Albion -- Stoke,0,0.042666301,1.687461404,0,0.121757202,0,0,4,0,0,0,1,12,0,2,0,0,1,0,0,04/02/2017 15:00,0.041916098,0.092794999,0.955991503,0,0.017481901,0,0,1,0,1,1,2,8,0,1,0,0,0,0,0,1.851884907,1.108184502,1.851884907,1.108184502,0.164423503,0.152192999,2016,EPL
Tottenham -- Middlesbrough,0,0.426492408,0.912870795,0.761169016,0,0,1,3,1,0,0,3,13,1,0,0,0,0,1,0,04/02/2017 17:30,0,0,0.492495187,0,0.0123448,0,0,0,0,0,0,0,7,0,1,0,0,0,0,0,2.100532219,0.504839987,1.339363202,0.504839987,0.426492408,0.0123448,2016,EPL
Manchester City -- Swansea,0.064512298,0.409673799,2.891627463,0,0,1,1,3,0,0,1,5,11,0,0,0,0,2,0,0,05/02/2017 13:30,0.025219901,0.0525914,0.0366388,0,0,1,0,1,0,0,1,2,1,0,0,0,0,1,0,0,3.365813559,0.114450101,3.365813559,0.114450101,0.474186096,0.077811301,2016,EPL
Leicester -- Manchester United,0.066836201,0.078267699,0.2951761,0,0.051729299,0,0,1,0,0,1,2,7,0,1,0,0,0,0,0,05/02/2017 16:00,0,0.122401997,1.864474662,0,0,0,0,9,0,0,0,1,14,0,0,0,0,3,0,0,0.492009299,1.986876659,0.492009299,1.986876659,0.196833199,0.122401997,2016,EPL
Arsenal -- Hull,0,0.051585901,2.969284244,0.761169016,0,0,0,4,1,0,0,2,14,1,0,0,0,1,1,0,11/02/2017 12:30,0,0.196917398,0.209766099,0,0.0597196,0,0,3,0,1,0,3,4,0,2,0,0,0,0,0,3.782039161,0.466403097,3.020870144,0.466403097,0.051585901,0.256636998,2016,EPL
Manchester United -- Watford,0,0,2.62700258,0,0,0,0,11,0,0,0,0,22,0,0,0,0,2,0,0,11/02/2017 15:00,0.052044999,0,0.589012686,0,0,1,0,2,0,0,1,0,8,0,0,0,0,0,0,0,2.62700258,0.641057685,2.62700258,0.641057685,0,0.052044999,2016,EPL
Middlesbrough -- Everton,0,0.306458697,0.269279404,0,0.075317301,0,0,2,0,1,0,3,5,0,1,0,0,0,0,0,11/02/2017 15:00,0,0.0137546,0.817889117,0,0,0,0,3,0,0,0,1,6,0,0,0,0,0,0,0,0.651055401,0.831643716,0.651055401,0.831643716,0.381775998,0.0137546,2016,EPL
Stoke -- Crystal Palace,0,0.1065578,0.6143254,0,0,0,0,3,0,0,0,2,5,0,0,0,0,1,0,0,11/02/2017 15:00,0.0482319,0.042223599,0.068305099,0,0.0433987,0,0,1,0,0,1,1,2,0,2,0,0,0,0,0,0.720883199,0.202159298,0.720883199,0.202159298,0.1065578,0.133854198,2016,EPL
Sunderland -- Southampton,0.0655507,0.0206252,0.111749549,0,0,0,0,1,0,0,1,1,5,0,0,0,0,0,0,0,11/02/2017 15:00,0,0.114899002,1.612269819,0,0,0,1,7,0,0,0,1,14,0,0,0,0,3,0,0,0.197925449,1.727168821,0.197925449,1.727168821,0.0861759,0.114899002,2016,EPL
West Ham -- West Bromwich Albion,0.0885012,0.039600499,1.04415141,0,0.0165939,0,0,4,0,0,1,1,13,0,1,0,0,2,0,0,11/02/2017 15:00,0,0.293853801,0.476120006,0,0,0,1,2,0,0,0,4,4,0,0,0,1,1,0,0,1.188847008,0.769973807,1.188847008,0.769973807,0.144695599,0.293853801,2016,EPL
Liverpool -- Tottenham,0.042700499,0.165391598,2.379939516,0,0.127168998,0,1,7,0,1,1,4,11,0,1,0,0,2,0,0,11/02/2017 17:30,0.102191001,0,0.474050304,0,0.0458626,0,0,2,0,0,1,0,5,0,1,0,0,0,0,0,2.715200611,0.622103905,2.715200611,0.622103905,0.335261095,0.148053601,2016,EPL
Burnley -- Chelsea,0.0705676,0,0.83579839,0,0,1,0,3,0,0,1,0,6,0,0,1,0,0,0,0,12/02/2017 13:30,0.029605299,0.034681201,0.735935088,0,0,0,0,2,0,0,1,1,11,0,0,0,0,1,0,0,0.906365991,0.800221588,0.906365991,0.800221588,0.0705676,0.0642865,2016,EPL
Swansea -- Leicester,0,0,0.598557997,0,0.096333399,0,0,3,0,1,0,0,9,0,1,0,0,1,0,1,12/02/2017 16:00,0,0.037574202,0.636678418,0,0,0,0,1,0,0,0,1,8,0,0,0,0,0,0,0,0.694891397,0.67425262,0.694891397,0.67425262,0.096333399,0.037574202,2016,EPL
Bournemouth -- Manchester City,0,0.056478199,0.0959063,0,0,0,0,1,0,0,0,1,5,0,0,0,0,0,0,0,13/02/2017 20:00,0,0.0365694,2.881229542,0,0.059280001,0,0,5,0,0,0,2,14,0,1,0,0,1,0,0,0.152384498,2.977078943,0.152384498,2.977078943,0.056478199,0.0958494,2016,EPL
Chelsea -- Swansea,0,0.0422782,1.092100082,0,0.091351897,0,0,5,0,0,0,1,14,0,1,0,0,3,0,0,25/02/2017 15:00,0.048021801,0.0401037,0,0,0.192046002,1,0,0,0,1,1,1,0,0,1,0,0,0,0,1,1.225730179,0.280171502,1.225730179,0.280171502,0.133630097,0.280171502,2016,EPL
Crystal Palace -- Middlesbrough,0,0.0570122,0.579428898,0,0.1720815,0,0,3,0,0,0,1,12,0,2,0,0,1,0,0,25/02/2017 15:00,0.080237597,0,0.731069703,0,0.0175425,1,0,3,0,0,1,0,9,0,1,0,0,0,0,0,0.808522599,0.8288498,0.808522599,0.8288498,0.229093701,0.097780097,2016,EPL
Everton -- Sunderland,0,0.256639604,1.336424598,0,0.110597402,0,0,8,0,0,0,5,12,0,3,0,0,2,0,0,25/02/2017 15:00,0,0.319753498,0.161455702,0,0.0247427,0,1,0,0,0,0,5,4,0,1,0,0,0,0,0,1.703661605,0.5059519,1.703661605,0.5059519,0.367237006,0.344496198,2016,EPL
Hull -- Burnley,0.0547124,0.110788003,0.663702502,0.761169016,0,0,0,0,1,0,1,1,12,1,0,0,0,0,1,0,25/02/2017 15:00,0.0817868,0.160918996,0.191948302,0,0.0384042,0,1,1,0,1,2,1,5,0,2,0,1,0,0,0,1.590371921,0.473058298,0.829202904,0.473058298,0.165500402,0.281109996,2016,EPL
West Bromwich Albion -- Bournemouth,0,1.197336201,0.415058494,0,0,0,2,2,0,0,0,5,8,0,0,0,1,1,0,0,25/02/2017 15:00,0.152829006,0.1161304,0.1641987,0.761169016,0.0331393,0,0,2,1,1,1,2,7,1,1,0,0,0,1,0,1.612394694,1.227466423,1.612394694,0.466297407,1.197336201,0.302098706,2016,EPL
Watford -- West Ham,0,0.269231305,0.179675799,0.761169016,0.0120738,0,0,0,1,0,0,2,5,1,1,0,0,0,1,0,25/02/2017 17:30,0.056940399,0.0556948,1.388351109,0,0.062647097,0,0,1,0,1,1,2,9,0,1,0,0,1,0,0,1.22214992,1.563633405,0.460980903,1.563633405,0.281305104,0.175282296,2016,EPL
Tottenham -- Stoke,0,0.0983257,1.631462589,0,0.160234304,0,1,6,0,2,0,2,16,0,3,0,1,2,0,1,26/02/2017 13:30,0,0.022355899,0.721240103,0,0,0,1,2,0,0,0,1,4,0,0,0,0,0,0,0,1.890022593,0.743596002,1.890022593,0.743596002,0.258560004,0.022355899,2016,EPL
Leicester -- Liverpool,0.016245499,0.274926007,1.165868403,0,0.094085403,0,0,7,0,1,1,1,11,0,1,0,0,3,0,0,27/02/2017 20:00,0,0.080497398,0.709441603,0,0,0,0,7,0,0,0,3,14,0,0,0,0,1,0,0,1.551125312,0.789939001,1.551125312,0.789939001,0.385256909,0.080497398,2016,EPL
Manchester United -- Bournemouth,0.099982601,0.677582711,1.012753705,0.761169016,0,0,1,5,1,0,2,6,11,1,0,0,1,0,0,0,04/03/2017 12:30,0,0.021936201,0.033066601,0.761169016,0,0,0,0,1,0,0,1,1,1,0,0,0,0,1,0,2.551488033,0.816171817,1.790319016,0.055002801,0.777565312,0.021936201,2016,EPL
Leicester -- Hull,0,0.304174798,1.272378394,0,0.235997006,0,2,3,0,0,0,7,9,0,1,0,1,1,0,0,04/03/2017 15:00,0.071502797,0,0.992223173,0,0.057878899,1,0,2,0,1,1,1,7,0,2,0,0,1,0,0,1.812550198,1.12160487,1.812550198,1.12160487,0.540171804,0.129381697,2016,EPL
Stoke -- Middlesbrough,0,0.937840873,2.083034981,0,0,0,3,4,0,0,0,5,8,0,0,0,1,1,0,0,04/03/2017 15:00,0,0.0102608,0.255854703,0,0.00849555,0,0,1,0,1,0,1,6,0,1,0,0,0,0,0,3.020875854,0.274611053,3.020875854,0.274611053,0.937840873,0.01875635,2016,EPL
Swansea -- Burnley,0.0368049,0.302003093,0.918109102,0,0.192299798,1,1,6,0,0,1,6,14,0,3,0,0,3,0,0,04/03/2017 15:00,0,0,0.172682398,0.761169016,0,0,0,3,1,0,0,0,5,1,0,0,0,1,1,0,1.449216893,0.933851414,1.449216893,0.172682398,0.531107791,0,2016,EPL
Watford -- Southampton,0,0.058992401,0.6058875,0,0.736157572,0,0,3,0,1,0,1,13,0,2,0,0,2,0,1,04/03/2017 15:00,0.0342061,0.1385164,1.083158405,0,0.094591796,0,1,9,0,1,1,4,14,0,1,0,0,4,0,0,1.401037472,1.350472701,1.401037472,1.350472701,0.795149973,0.267314296,2016,EPL
West Bromwich Albion -- Crystal Palace,0.037726801,0.093331698,0.243541526,0,0,0,0,1,0,0,1,2,8,0,0,0,0,0,0,0,04/03/2017 15:00,0,0.300888795,1.090823099,0,0,0,0,3,0,0,0,2,8,0,0,0,0,2,0,0,0.374600025,1.391711894,0.374600025,1.391711894,0.131058499,0.300888795,2016,EPL
Liverpool -- Arsenal,0.093466699,0.128130697,2.231776437,0,0.265878594,0,0,5,0,2,1,3,11,0,3,0,0,3,0,0,04/03/2017 17:30,0,0.019740799,0.604209695,0,0.105253004,0,1,2,0,0,0,1,5,0,1,0,0,1,0,0,2.719252426,0.729203498,2.719252426,0.729203498,0.487475989,0.124993803,2016,EPL
Tottenham -- Everton,0.048411001,0.162668195,0.97809089,0,0.523907706,0,1,5,0,1,1,3,13,0,3,0,0,2,0,1,05/03/2017 13:30,0,0.051913202,0.3451952,0,0.410905095,0,0,3,0,1,0,1,5,0,2,0,0,1,0,1,1.713077791,0.808013497,1.713077791,0.808013497,0.734986901,0.462818297,2016,EPL
Sunderland -- Manchester City,0,0.291140296,0.450338898,0,0,0,2,1,0,0,0,4,7,0,0,0,0,0,0,0,05/03/2017 16:00,0,0,2.460788503,0,0.019430401,0,0,6,0,1,0,0,13,0,1,0,0,2,0,0,0.741479194,2.480218904,0.741479194,2.480218904,0.291140296,0.019430401,2016,EPL
West Ham -- Chelsea,0.044521201,0.154693298,0.253598405,0,0,0,0,1,0,0,1,3,7,0,0,0,0,1,0,0,06/03/2017 20:00,0,0.73002761,1.292042278,0,0,0,1,3,0,0,0,2,7,0,0,0,1,1,0,0,0.452812904,2.022069888,0.452812904,2.022069888,0.199214499,0.73002761,2016,EPL
Manchester City -- Stoke,0.0430874,0.0456887,1.216122089,0,0,1,0,0,0,0,1,2,9,0,0,0,0,0,0,0,08/03/2017 20:00,0,0,0.241281908,0,0.095911801,0,0,1,0,1,0,0,3,0,2,0,0,0,0,0,1.304898189,0.337193709,1.304898189,0.337193709,0.0887761,0.095911801,2016,EPL
Bournemouth -- West Ham,0,0.0815256,1.627566901,1.522338033,0.499755603,0,1,6,1,1,0,2,15,2,3,0,0,2,0,1,11/03/2017 15:00,0,0.1517286,0.987194289,0,0.114231802,0,0,6,0,1,0,2,11,0,3,0,0,2,0,0,3.731186137,1.253154691,2.208848104,1.253154691,0.581281203,0.265960402,2016,EPL
Everton -- West Bromwich Albion,0.120867997,0.111443501,1.972516686,0,0,0,1,4,0,0,1,3,12,0,0,0,0,3,0,0,11/03/2017 15:00,0,0,0.127320599,0,0,0,0,2,0,0,0,0,5,0,0,0,0,0,0,0,2.204828184,0.127320599,2.204828184,0.127320599,0.232311498,0,2016,EPL
Hull -- Swansea,0.071254902,0,1.917481189,0,0,0,0,6,0,0,1,0,14,0,0,0,0,2,0,0,11/03/2017 15:00,0.135291904,0.0582236,1.057683488,0,0.190281004,1,0,1,0,1,2,2,6,0,1,0,0,0,0,1,1.98873609,1.441479996,1.98873609,1.441479996,0.071254902,0.383796507,2016,EPL
Liverpool -- Burnley,0,0.172362895,0.823233791,0,0.022740301,0,0,3,0,0,0,3,6,0,1,0,0,2,0,0,12/03/2017 16:00,0,0.038690198,0.617796205,0,0.178254101,0,0,1,0,0,0,1,5,0,5,0,0,1,0,0,1.018336986,0.834740505,1.018336986,0.834740505,0.195103195,0.2169443,2016,EPL
West Bromwich Albion -- Arsenal,0,1.053535227,1.063840492,0,0,0,2,5,0,0,0,3,9,0,0,0,2,1,0,0,18/03/2017 12:30,0.077665702,0.448177993,0.479462604,0,0,0,0,2,0,0,1,1,9,0,0,0,0,1,0,0,2.117375718,1.005306299,2.117375718,1.005306299,1.053535227,0.525843695,2016,EPL
Crystal Palace -- Watford,0,0.045847502,0.3162365,0,0.018053999,0,0,0,0,0,0,1,5,0,1,0,0,0,0,0,18/03/2017 15:00,0,0,0.19064763,0,0,0,0,2,0,0,0,0,6,0,1,0,0,0,0,0,0.380138,0.19064763,0.380138,0.19064763,0.063901501,0,2016,EPL
Everton -- Hull,0,0.098856203,2.42895456,0,0.103596002,0,2,6,0,0,0,2,11,0,1,0,0,4,0,0,18/03/2017 15:00,0,0.029734099,0.498958301,0,0,0,0,0,0,0,0,1,5,0,0,0,0,0,0,0,2.631406765,0.5286924,2.631406765,0.5286924,0.202452205,0.029734099,2016,EPL
Stoke -- Chelsea,0,0.093388204,0.097495999,0.761169016,0,0,0,0,1,0,0,2,2,1,0,0,0,0,1,0,18/03/2017 15:00,0.1422597,0.642456604,0.599566806,0,0.581508208,2,1,3,0,1,3,6,7,0,4,1,1,0,0,0,0.952053219,1.965791319,0.190884203,1.965791319,0.093388204,1.366224512,2016,EPL
Sunderland -- Burnley,0,0.041996601,0.970246711,0,0.02088709,0,0,4,0,1,0,2,10,0,2,0,0,0,0,0,18/03/2017 15:00,0.070758,0.149268704,0.859586042,0,0.109184206,0,0,3,0,0,1,3,10,0,2,0,0,0,0,0,1.033130402,1.188796951,1.033130402,1.188796951,0.062883691,0.329210909,2016,EPL
West Ham -- Leicester,0.190371502,0.680163007,0.901914104,0,0.582728982,2,2,1,0,1,3,5,11,0,1,1,1,0,0,0,18/03/2017 15:00,0.019139299,0.848418005,0.933833816,0,0.368649989,1,1,2,0,1,1,3,6,0,1,0,1,1,0,1,2.355177595,2.170041109,2.355177595,2.170041109,1.453263491,1.236207293,2016,EPL
Bournemouth -- Swansea,0.057962202,0,0.95020131,0,0,1,0,5,0,0,1,0,11,0,0,0,0,1,0,0,18/03/2017 17:30,0.0560367,0.100550897,0.137288896,0,0.082993401,0,0,1,0,0,1,3,5,0,2,0,0,0,0,0,1.008163512,0.376869895,1.008163512,0.376869895,0.057962202,0.239580998,2016,EPL
Middlesbrough -- Manchester United,0,0,1.090374483,0,0,0,0,3,0,0,0,0,10,0,0,0,0,1,0,0,19/03/2017 12:00,0,0.072661002,2.441590188,0,0,0,0,6,0,0,0,2,12,0,0,0,0,3,0,0,1.090374483,2.51425119,1.090374483,2.51425119,0,0.072661002,2016,EPL
Tottenham -- Southampton,0,0.200334705,0.681775093,0.761169016,0,0,1,4,1,0,0,2,9,1,0,0,0,1,1,0,19/03/2017 14:15,0,0,0.82524939,0,0.0147391,0,0,2,0,1,0,0,7,0,1,0,0,1,0,0,1.643278815,0.83998849,0.882109798,0.83998849,0.200334705,0.0147391,2016,EPL
Manchester City -- Liverpool,0,0.406248195,2.169666668,0,0,0,0,3,0,0,0,3,10,0,0,0,0,1,0,0,19/03/2017 16:30,0,0.191947594,0.878664412,0.761169016,0.109382603,0,1,2,1,0,0,2,8,1,2,0,0,0,1,0,2.575914863,1.941163626,2.575914863,1.179994609,0.406248195,0.301330198,2016,EPL
Liverpool -- Everton,0,0,0.625343001,0,0,0,0,5,0,0,0,0,10,0,0,0,0,3,0,0,01/04/2017 12:30,0.0634299,0.654408609,0.327384607,0,0.396297514,0,1,2,0,1,1,2,4,0,2,0,1,0,0,0,0.625343001,1.44152063,0.625343001,1.44152063,0,1.114136023,2016,EPL
Burnley -- Tottenham,0,0.093779197,0.2869335,0,0.066712096,0,0,2,0,0,0,2,10,0,1,0,0,0,0,0,01/04/2017 15:00,0.053553399,0.558483701,1.747238889,0,0.029531101,0,1,5,0,1,1,3,13,0,2,0,1,1,0,0,0.447424794,2.38880709,0.447424794,2.38880709,0.160491293,0.641568201,2016,EPL
Chelsea -- Crystal Palace,0.168940902,0.0797567,2.879867105,0,0.0456778,2,0,8,0,1,3,1,19,0,1,0,0,1,0,0,01/04/2017 15:00,0,0.0135116,1.344293391,0,0.216429003,0,0,3,0,0,0,1,5,0,2,0,0,2,0,0,3.174242506,1.574233994,3.174242506,1.574233994,0.294375401,0.229940603,2016,EPL
Hull -- West Ham,0.054992601,0.043381602,0.775389392,0,0,1,1,1,0,0,1,1,5,0,0,0,1,1,0,0,01/04/2017 15:00,0,0.0104066,1.235298303,0,0,0,0,4,0,0,0,1,11,0,0,0,0,1,0,0,0.873763595,1.245704903,0.873763595,1.245704903,0.098374203,0.0104066,2016,EPL
Leicester -- Stoke,0,0.088227801,1.300361766,0,0.665162086,0,0,10,0,0,0,4,14,0,5,0,0,2,0,0,01/04/2017 15:00,0,0.131269502,1.235445369,0,0,0,1,1,0,0,0,2,8,0,0,0,0,0,0,0,2.053751654,1.366714871,2.053751654,1.366714871,0.753389888,0.131269502,2016,EPL
Manchester United -- West Bromwich Albion,0.0355074,0.048907802,0.905052755,0,0,1,0,2,0,0,1,1,16,0,0,0,0,0,0,0,01/04/2017 15:00,0.055886399,0,0.144411199,0,0,0,0,1,0,0,1,0,2,0,0,0,0,0,0,0,0.989467956,0.200297598,0.989467956,0.200297598,0.084415201,0.055886399,2016,EPL
Watford -- Sunderland,0,0.789620779,1.172342513,0,0,0,2,8,0,0,0,7,16,0,0,0,1,0,0,0,01/04/2017 15:00,0.038637001,0,0.277682847,0,0.033378702,0,0,3,0,0,1,0,9,0,1,0,0,0,0,0,1.961963291,0.34969855,1.961963291,0.34969855,0.789620779,0.072015703,2016,EPL
Southampton -- Bournemouth,0,0.123885997,0.879189301,0,0,0,0,4,0,0,0,1,13,0,0,0,0,0,0,0,01/04/2017 17:30,0.096622899,0.150206907,1.078347601,0.761169016,0,0,0,2,0,0,1,2,8,1,0,0,0,0,0,0,1.003075298,2.086346423,1.003075298,1.325177407,0.123885997,0.246829806,2016,EPL
Swansea -- Middlesbrough,0.101260997,0.1253989,0.417160225,0,0,0,0,3,0,0,1,2,12,0,0,0,0,0,0,0,02/04/2017 13:30,0,0,0.749185508,0,0,0,0,1,0,0,0,0,8,0,0,0,0,0,0,0,0.643820123,0.749185508,0.643820123,0.749185508,0.226659898,0,2016,EPL
Arsenal -- Manchester City,0,0.518631497,0.187548902,0,0.032316599,0,2,1,0,0,0,3,4,0,1,0,2,0,0,0,02/04/2017 16:00,0,0.174434602,1.229282381,0,0,0,2,3,0,0,0,5,9,0,0,0,0,2,0,0,0.738496998,1.403716983,0.738496998,1.403716983,0.550948096,0.174434602,2016,EPL
Burnley -- Stoke,0,0,0.34029719,0,0.00858825,0,0,2,0,1,0,0,6,0,1,0,0,1,0,0,04/04/2017 19:45,0,0.088860599,0.969611408,0,0.120803602,0,1,1,0,0,0,2,11,0,2,0,0,0,0,0,0.34888544,1.17927561,0.34888544,1.17927561,0.00858825,0.209664201,2016,EPL
Leicester -- Sunderland,0,0.036352601,0.859236794,0,0.0354829,0,0,6,0,2,0,1,15,0,3,0,0,2,0,0,04/04/2017 19:45,0.056369498,0.089860201,0.472951405,0,0.085800603,0,0,2,0,1,1,2,10,0,2,0,0,0,0,0,0.931072295,0.704981707,0.931072295,0.704981707,0.071835501,0.232030302,2016,EPL
Watford -- West Bromwich Albion,0,0.0118645,0.68012541,0,0,0,0,2,0,0,0,1,8,0,0,0,0,2,0,0,04/04/2017 19:45,0.0484544,0.0180117,1.624089662,0,0.127669,0,0,2,0,0,1,1,12,0,3,0,0,0,0,0,0.69198991,1.818224763,0.69198991,1.818224763,0.0118645,0.194135101,2016,EPL
Manchester United -- Everton,0.072530098,0,0.628803005,0.761169016,0.211733595,1,0,1,1,0,1,0,14,1,2,0,0,0,1,0,04/04/2017 20:00,0,0.246119501,0.343587294,0,0,0,2,2,0,0,0,4,7,0,0,0,1,0,0,0,1.674235714,0.589706795,0.913066697,0.589706795,0.284263693,0.246119501,2016,EPL
Arsenal -- West Ham,0,0.0994864,2.070678664,0,0,0,1,7,0,0,0,4,17,0,0,0,0,3,0,0,05/04/2017 19:45,0.103557803,0,0.158882901,0,0.0414645,0,0,2,0,0,2,0,4,0,1,0,0,0,0,0,2.170165065,0.303905204,2.170165065,0.303905204,0.0994864,0.145022303,2016,EPL
Hull -- Middlesbrough,0.150252998,0.144817803,1.917494584,0,0.026335601,0,0,4,0,1,1,3,12,0,1,0,0,3,0,1,05/04/2017 19:45,0,0.541208982,0.790296199,0,0,0,1,3,0,0,0,1,11,0,0,0,1,1,0,0,2.238900986,1.331505181,2.238900986,1.331505181,0.321406402,0.541208982,2016,EPL
Southampton -- Crystal Palace,0,0.109401403,3.408626726,0,0,0,1,6,0,0,0,2,23,0,0,0,0,3,0,0,05/04/2017 19:45,0.112005003,0.565475687,0.920710423,0,0.1368686,1,0,2,0,0,2,6,7,0,2,0,0,1,0,0,3.518028129,1.735059713,3.518028129,1.735059713,0.109401403,0.81434929,2016,EPL
Swansea -- Tottenham,0,0.085866302,0.786712896,0,0,0,0,1,0,0,0,1,3,0,0,0,0,1,0,0,05/04/2017 19:45,0,0,2.243507499,0,0,0,0,8,0,0,0,0,18,0,0,0,0,3,0,0,0.872579198,2.243507499,0.872579198,2.243507499,0.085866302,0,2016,EPL
Chelsea -- Manchester City,0.050119199,0.0127777,0.400967101,0.761169016,0.604162991,0,0,2,1,1,1,1,6,1,1,0,0,1,0,1,05/04/2017 20:00,0,0.735706021,1.203306308,0,0.346992737,0,1,6,0,0,0,5,10,0,2,0,0,1,0,0,1.829196007,2.286005066,1.068026991,2.286005066,0.66705989,1.082698758,2016,EPL
Liverpool -- Bournemouth,0.045135301,0.579658817,1.481932902,0,0.065901503,0,1,6,0,1,1,4,14,0,1,0,0,2,0,0,05/04/2017 20:00,0,0.3390834,0.995719586,0,0,0,0,2,0,0,0,2,6,0,0,0,0,2,0,0,2.172628522,1.334802985,2.172628522,1.334802985,0.69069562,0.3390834,2016,EPL
Tottenham -- Watford,0.036903601,0.136257499,1.017642307,0,0,0,0,6,0,0,1,4,14,0,0,0,0,4,0,0,08/04/2017 12:30,0.066767797,0.065109096,0.178926602,0,0.0591649,1,0,1,0,0,1,1,5,0,1,0,0,0,0,0,1.190803408,0.369968396,1.190803408,0.369968396,0.173161101,0.191041794,2016,EPL
Manchester City -- Hull,0.146673802,0.080531398,2.177113215,0,0,2,0,5,0,0,2,3,18,0,0,0,0,2,0,0,08/04/2017 15:00,0,0.112968899,0.245394701,0,0,0,1,0,0,0,0,2,6,0,0,0,1,0,0,0,2.404318415,0.3583636,2.404318415,0.3583636,0.2272052,0.112968899,2016,EPL
Middlesbrough -- Burnley,0.131483003,0.155219298,0.274905902,0,0.123368002,0,1,2,0,0,1,5,5,0,1,0,0,0,0,0,08/04/2017 15:00,0.125753596,0.111557998,0.572587304,0,0,0,1,1,0,0,2,1,4,0,0,0,0,0,0,0,0.684976206,0.809898898,0.684976206,0.809898898,0.410070304,0.237311594,2016,EPL
Stoke -- Liverpool,0,0.537901208,1.520903101,0,0.080919102,0,1,3,0,0,0,2,6,0,1,0,0,1,0,0,08/04/2017 15:00,0,0.198065901,0.824183211,0,0,0,0,4,0,0,0,4,10,0,0,0,0,2,0,0,2.139723411,1.022249112,2.139723411,1.022249112,0.61882031,0.198065901,2016,EPL
West Bromwich Albion -- Southampton,0,0.572782993,0.936500216,0,0.542902438,0,1,4,0,1,0,1,12,0,4,0,0,0,0,0,08/04/2017 15:00,0.0745437,0,0.835796006,0,0,0,0,3,0,0,1,0,9,0,0,0,0,1,0,0,2.052185647,0.910339706,2.052185647,0.910339706,1.115685431,0.0745437,2016,EPL
West Ham -- Swansea,0.167382099,0,1.038352191,0,0,0,0,6,0,0,3,0,11,0,0,0,0,1,0,0,08/04/2017 15:00,0.058921698,0.072893599,0.175851099,0,0,1,0,0,0,0,1,2,2,0,0,0,0,0,0,0,1.20573429,0.307666397,1.20573429,0.307666397,0.167382099,0.131815298,2016,EPL
Bournemouth -- Chelsea,0.091561198,0.023205901,0.252778299,0,0.0166071,0,0,1,0,0,1,1,9,0,1,0,0,1,0,0,08/04/2017 17:30,0.079009198,0.040796801,1.402656779,0,0,1,1,3,0,0,1,1,13,0,0,1,0,1,0,0,0.384152498,1.522462778,0.384152498,1.522462778,0.131374199,0.119805999,2016,EPL
Sunderland -- Manchester United,0.121464003,0,0.855851885,0,0,2,0,2,0,0,2,0,7,0,0,0,0,0,0,0,09/04/2017 13:30,0.153183501,0.0619385,1.479173504,0,0,0,0,9,0,0,2,3,13,0,0,0,0,3,0,0,0.977315888,1.694295505,0.977315888,1.694295505,0.121464003,0.215122001,2016,EPL
Everton -- Leicester,0,1.126989275,1.518979421,0,0,0,2,5,0,0,0,4,8,0,0,0,2,2,0,0,09/04/2017 16:00,0.054845899,0.217831701,0.563417637,0,0,1,1,2,0,0,1,2,3,0,0,1,0,1,0,0,2.645968696,0.836095237,2.645968696,0.836095237,1.126989275,0.2726776,2016,EPL
Crystal Palace -- Arsenal,0,0.0238137,1.174976187,0.761169016,0.199723896,0,1,4,1,0,0,1,12,1,3,0,0,2,1,0,10/04/2017 20:00,0,0.015670801,0.426588695,0,0,0,1,2,0,0,0,1,10,0,0,0,0,0,0,0,2.159682799,0.442259496,1.398513783,0.442259496,0.223537596,0.015670801,2016,EPL
Tottenham -- Bournemouth,0.045069799,1.196767287,2.171746904,0,0.047375001,0,4,10,0,0,1,5,17,0,1,0,2,2,0,0,15/04/2017 12:30,0,0.036247998,0.175254202,0,0,0,0,1,0,0,0,1,4,0,0,0,0,0,0,0,3.460958991,0.2115022,3.460958991,0.2115022,1.289212087,0.036247998,2016,EPL
Crystal Palace -- Leicester,0,0.071501799,1.499681193,0,0.115509801,0,0,4,0,0,0,1,12,0,2,0,0,2,0,0,15/04/2017 15:00,0,0,0.467724402,0,0,0,0,2,0,0,0,0,6,0,0,0,0,2,0,0,1.686692793,0.467724402,1.686692793,0.467724402,0.1870116,0,2016,EPL
Everton -- Burnley,0.067631602,0.131526701,1.418709207,0,0.073492799,0,1,6,0,0,1,4,22,0,2,0,1,1,0,0,15/04/2017 15:00,0.1050357,0.0923321,0.130669803,0.761169016,0.058616498,0,0,3,1,0,2,3,6,1,2,0,0,0,1,0,1.69136031,1.147823118,1.69136031,0.386654102,0.272651102,0.255984299,2016,EPL
Stoke -- Hull,0.0541685,0,1.995510504,0,0,0,0,4,0,0,1,0,13,0,0,0,0,3,0,0,15/04/2017 15:00,0,0.222488699,0.954472712,0,0,0,1,2,0,0,0,4,10,0,0,0,1,0,0,0,2.049679004,1.176961412,2.049679004,1.176961412,0.0541685,0.222488699,2016,EPL
Sunderland -- West Ham,0.0713783,0.010852,0.947997089,0,0.110984299,0,1,2,0,1,2,1,9,0,2,0,1,1,0,0,15/04/2017 15:00,0.095270999,0.508045971,0.841540316,0,0,1,1,1,0,0,1,1,5,0,0,0,1,1,0,0,1.141211689,1.444857286,1.141211689,1.444857286,0.193214599,0.60331697,2016,EPL
Watford -- Swansea,0.122296996,0.131717995,1.099552581,0,0,1,0,6,0,0,1,1,13,0,0,0,0,1,0,0,15/04/2017 15:00,0,0.0816925,0.551472079,0,0.015136,0,0,4,0,0,0,2,10,0,1,0,0,0,0,0,1.353567572,0.648300579,1.353567572,0.648300579,0.254014991,0.0968285,2016,EPL
Southampton -- Manchester City,0.043161001,0.251161009,0.243899003,0,0.078531697,0,1,0,0,0,1,1,5,0,1,0,0,0,0,0,15/04/2017 17:30,0,0.509709585,2.219281804,0,0.0134996,0,1,3,0,1,0,4,13,0,1,0,1,2,0,0,0.61675271,2.742490989,0.61675271,2.742490989,0.372853708,0.523209185,2016,EPL
West Bromwich Albion -- Liverpool,0,0,0.590375209,0,0,0,0,2,0,0,0,0,7,0,0,0,0,0,0,0,16/04/2017 13:30,0.041427702,0,0.765301993,0,0.49343501,0,0,1,0,1,1,0,12,0,2,0,0,0,0,1,0.590375209,1.300164705,0.590375209,1.300164705,0,0.534862712,2016,EPL
Manchester United -- Chelsea,0,0,0.807127785,0,0,0,0,3,0,0,0,0,9,0,0,0,0,2,0,0,16/04/2017 16:00,0,0.035221701,0.097691,0,0,0,0,0,0,0,0,2,3,0,0,0,0,0,0,0,0.807127785,0.1329127,0.807127785,0.1329127,0,0.035221701,2016,EPL
Middlesbrough -- Arsenal,0.071227297,0.0510282,0.832379465,0,0.766111884,0,1,2,0,2,1,2,5,0,5,0,0,1,0,0,17/04/2017 20:00,0.080415301,0.067284998,0.771851502,0,0.151742205,1,1,2,0,0,1,2,7,0,2,1,0,1,0,0,1.720746847,1.071294007,1.720746847,1.071294007,0.888367382,0.299442505,2016,EPL
Bournemouth -- Middlesbrough,0.059958,0.0352863,3.076906512,0,0.1049708,0,1,8,0,1,1,2,16,0,2,0,0,3,0,1,22/04/2017 15:00,0,0.136109503,0.071090399,0,0,0,0,2,0,0,0,2,3,0,0,0,0,0,0,0,3.277121612,0.207199902,3.277121612,0.207199902,0.200215099,0.136109503,2016,EPL
Hull -- Watford,0.0595049,0.092693897,1.253101013,0,0.0177943,0,1,2,0,0,1,2,4,0,1,0,1,1,0,0,22/04/2017 15:00,0,0.450125087,0.674360922,0,0.034208501,0,1,1,0,0,0,5,7,0,2,0,0,0,0,0,1.42309411,1.158694509,1.42309411,1.158694509,0.169993097,0.484333588,2016,EPL
Swansea -- Stoke,0,0.0379686,0.377877401,0,0.059790101,0,2,4,0,0,0,2,7,0,1,0,1,1,0,0,22/04/2017 15:00,0,0.115244102,0.398239911,0.761169016,0.420462996,0,0,2,0,1,0,2,5,1,1,0,0,0,0,0,0.475636102,1.695116024,0.475636102,0.933947008,0.097758701,0.535707098,2016,EPL
West Ham -- Everton,0.062252302,0.141238999,0.473634401,0,0,0,2,1,0,0,1,6,8,0,0,0,0,0,0,0,22/04/2017 15:00,0,0.051766101,0.052709749,0,0,0,0,0,0,0,0,1,3,0,0,0,0,0,0,0,0.677125702,0.10447585,0.677125702,0.10447585,0.2034913,0.051766101,2016,EPL
Burnley -- Manchester United,0,0,0.14717852,0,0.195650704,0,0,0,0,0,0,0,5,0,3,0,0,0,0,0,23/04/2017 14:15,0,0.1324207,2.222791106,0,0,0,1,5,0,0,0,2,10,0,0,0,0,2,0,0,0.342829224,2.355211806,0.342829224,2.355211806,0.195650704,0.1324207,2016,EPL
Liverpool -- Crystal Palace,0.0417157,0.064173698,0.78860138,0,0,1,0,0,0,0,1,1,12,0,0,1,0,0,0,0,23/04/2017 16:30,0,0.466060996,0.551416602,0,0.208079306,0,1,2,0,0,0,1,3,0,3,0,1,1,0,0,0.894490778,1.225556904,0.894490778,1.225556904,0.105889399,0.674140302,2016,EPL
Chelsea -- Southampton,0,0.441636207,0.952362098,0,0.049799401,0,2,5,0,0,0,3,13,0,1,0,2,2,0,0,25/04/2017 19:45,0.0854754,1.209983094,0.076003901,0,0.010123,0,2,2,0,0,1,7,3,0,1,0,1,1,0,0,1.443797706,1.381585394,1.443797706,1.381585394,0.491435608,1.305581493,2016,EPL
Arsenal -- Leicester,0,0.1193383,0.290865196,0,0,0,2,3,0,0,0,4,8,0,0,0,0,0,0,0,26/04/2017 19:45,0,0,0.357851099,0,0.237322107,0,0,3,0,0,0,0,6,0,2,0,0,0,0,0,0.410203496,0.595173206,0.410203496,0.595173206,0.1193383,0.237322107,2016,EPL
Middlesbrough -- Sunderland,0.048913401,0.016041299,0.76088471,0,0,0,0,2,0,0,1,1,4,0,0,0,0,1,0,0,26/04/2017 19:45,0.091492802,0.0299201,0.245855596,0,0.078497298,1,0,2,0,1,1,2,6,0,1,0,0,0,0,0,0.82583941,0.445765796,0.82583941,0.445765796,0.0649547,0.1999102,2016,EPL
Crystal Palace -- Tottenham,0,0.071283299,0.169442605,0,0.080996104,0,0,1,0,0,0,2,3,0,1,0,0,0,0,0,26/04/2017 20:00,0,0.210663697,0.79687781,0,0,0,0,4,0,0,0,4,14,0,0,0,0,1,0,0,0.321722008,1.007541507,0.321722008,1.007541507,0.152279403,0.210663697,2016,EPL
Manchester City -- Manchester United,0,0.155322594,1.238897286,0,0.0211458,0,0,6,0,0,0,3,15,0,1,0,0,0,0,0,27/04/2017 20:00,0,0,0.098624004,0,0.322627008,0,0,1,0,0,0,0,2,0,1,0,0,0,0,0,1.41536568,0.421251012,1.41536568,0.421251012,0.176468394,0.322627008,2016,EPL
Southampton -- Hull,0,0.096234098,0.391540498,0.761169016,0,0,1,0,1,0,0,1,9,1,0,0,0,0,0,0,29/04/2017 15:00,0.061462499,0.169108598,0.241864202,0,0,0,1,0,0,0,1,3,5,0,0,0,0,0,0,0,1.248943612,0.472435298,0.487774596,0.472435298,0.096234098,0.230571097,2016,EPL
Stoke -- West Ham,0,0.077893998,1.24327379,0,0.034164101,0,0,3,0,1,0,2,15,0,2,0,0,0,0,0,29/04/2017 15:00,0,0.0131956,0.596906004,0,0.042467501,0,0,4,0,0,0,1,10,0,1,0,0,0,0,0,1.355331889,0.652569106,1.355331889,0.652569106,0.112058099,0.055663101,2016,EPL
Sunderland -- Bournemouth,0,0.512434099,1.094718224,0,0.063275598,0,1,4,0,0,0,4,12,0,1,0,0,0,0,0,29/04/2017 15:00,0,0,1.236496836,0,0.3011555,0,0,6,0,0,0,0,13,0,2,0,0,1,0,0,1.670427921,1.537652336,1.670427921,1.537652336,0.575709697,0.3011555,2016,EPL
West Bromwich Albion -- Leicester,0.137152597,0.1564449,0.413465097,0,0.102563897,0,0,4,0,0,2,2,10,0,2,0,0,0,0,0,29/04/2017 15:00,0,0.069139498,0.501524299,0,0,0,0,1,0,0,0,2,4,0,0,0,0,1,0,0,0.809626491,0.570663798,0.809626491,0.570663798,0.396161394,0.069139498,2016,EPL
Crystal Palace -- Burnley,0,0.365307998,0.245772298,0,0.022388499,0,1,3,0,1,0,8,6,0,1,0,0,0,0,0,29/04/2017 17:30,0,0,1.296524594,0,0.089168303,0,0,3,0,0,0,0,8,0,1,0,0,2,0,0,0.633468796,1.385692896,0.633468796,1.385692896,0.387696497,0.089168303,2016,EPL
Manchester United -- Swansea,0.035241999,0.045809299,1.150018798,0.761169016,0,0,0,5,1,0,1,1,9,1,0,0,0,0,1,0,30/04/2017 12:00,0.121215701,0.062132802,0.465146596,0,0.127216995,2,0,2,0,0,2,1,8,0,1,1,0,0,0,0,1.992239112,0.775712093,1.231070096,0.775712093,0.081051297,0.310565498,2016,EPL
Everton -- Chelsea,0.183136702,0,0.508827597,0,0,0,0,2,0,0,3,0,9,0,0,0,0,0,0,0,30/04/2017 14:05,0,0.049892101,1.239429388,0,0.530132115,0,0,4,0,1,0,1,7,0,3,0,0,2,0,1,0.691964298,1.819453605,0.691964298,1.819453605,0.183136702,0.580024216,2016,EPL
Middlesbrough -- Manchester City,0.084301703,0.056813002,0.321102199,0,0.747850124,1,0,4,0,1,1,1,8,0,4,0,0,1,0,1,30/04/2017 14:05,0,0.160665596,1.752819134,0.761169016,0.432592202,0,1,0,1,2,0,6,13,1,2,0,0,0,1,1,1.210067027,3.107245948,1.210067027,2.346076932,0.888964828,0.593257798,2016,EPL
Tottenham -- Arsenal,0,0.1971823,2.585128535,0.761169016,0,0,3,7,1,0,0,6,13,1,0,0,0,1,1,0,30/04/2017 16:30,0,0.105186701,0.432304496,0,0.0520459,0,0,4,0,0,0,3,8,0,1,0,0,0,0,0,3.543479851,0.589537097,2.782310834,0.589537097,0.1971823,0.157232601,2016,EPL
Watford -- Liverpool,0,0.0148217,0.433216633,0,0,0,0,2,0,0,0,1,8,0,0,0,0,0,0,0,01/05/2017 20:00,0.060663801,0.030161801,0.4520369,0,0.0138272,1,1,6,0,0,1,2,8,0,1,0,0,1,0,0,0.448038333,0.556689702,0.448038333,0.556689702,0.0148217,0.104652802,2016,EPL
West Ham -- Tottenham,0,0.0073714,2.14650641,0,0.0565507,0,1,3,0,1,0,1,11,0,1,0,0,1,0,0,05/05/2017 20:00,0,0.050380401,0.395685297,0,0.018428599,0,1,4,0,0,0,2,8,0,1,0,0,0,0,0,2.21042851,0.464494297,2.21042851,0.464494297,0.0639221,0.068809001,2016,EPL
Manchester City -- Crystal Palace,0.0620501,0.2454684,2.006680986,0,0.407880992,0,1,10,0,1,1,5,19,0,1,0,1,3,0,1,06/05/2017 12:30,0,0,0.2422328,0,0,0,0,2,0,0,0,0,5,0,0,0,0,0,0,0,2.722080478,0.2422328,2.722080478,0.2422328,0.715399493,0,2016,EPL
Bournemouth -- Stoke,0,0,1.332512913,0,0.0172091,0,0,2,0,0,0,1,11,0,1,0,0,1,0,0,06/05/2017 15:00,0,0.0309083,2.240429252,0,0.0305613,0,1,2,0,0,0,2,12,0,1,0,0,1,0,0,1.349722013,2.301898852,1.349722013,2.301898852,0.0172091,0.0614696,2016,EPL
Burnley -- West Bromwich Albion,0,0.1113743,0.926277502,0,0.048836499,0,0,3,0,1,0,3,10,0,1,0,0,1,0,1,06/05/2017 15:00,0,0.477383184,0.351914609,0,0,0,1,2,0,0,0,3,8,0,0,0,1,1,0,0,1.086488301,0.829297793,1.086488301,0.829297793,0.160210799,0.477383184,2016,EPL
Hull -- Sunderland,0,0.535743396,0.698928603,0,0,0,0,5,0,0,0,3,13,0,0,0,0,0,0,0,06/05/2017 15:00,0.032570399,0.499503102,0.788730897,0,0.634219799,1,1,1,0,2,1,2,7,0,2,0,1,0,0,1,1.234671999,1.955024198,1.234671999,1.955024198,0.535743396,1.166293301,2016,EPL
Leicester -- Watford,0.134756301,0.156334201,0.714571506,0,0,0,1,4,0,0,2,3,6,0,0,0,1,2,0,0,06/05/2017 15:00,0,0.0176195,0.410568395,0,0.0842456,0,1,6,0,0,0,1,12,0,1,0,0,0,0,0,1.005662007,0.512433494,1.005662007,0.512433494,0.291090501,0.1018651,2016,EPL
Swansea -- Everton,0,1.006430207,1.086010586,0,0,0,1,3,0,0,0,5,4,0,0,0,0,1,0,0,06/05/2017 17:30,0,0.035688799,0.1680214,0,0.066475399,0,0,2,0,0,0,1,7,0,1,0,0,0,0,0,2.092440793,0.270185597,2.092440793,0.270185597,1.006430207,0.102164198,2016,EPL
Liverpool -- Southampton,0,0.0155825,0.582921104,0.761169016,0,0,0,7,1,0,0,1,15,1,0,0,0,0,0,0,07/05/2017 13:30,0,0.112691998,0.0385462,0,0.030844299,0,0,0,0,0,0,1,2,0,1,0,0,0,0,0,1.35967262,0.182082498,0.598503604,0.182082498,0.0155825,0.143536298,2016,EPL
Arsenal -- Manchester United,0,0.160032602,0.879821278,0,0,0,1,3,0,0,0,3,6,0,0,0,0,2,0,0,07/05/2017 16:00,0.033337299,0.055806799,0.487028212,0,0,1,1,2,0,0,1,2,7,0,0,0,0,0,0,0,1.03985388,0.57617231,1.03985388,0.57617231,0.160032602,0.089144098,2016,EPL
Chelsea -- Middlesbrough,0.124558598,0.518618714,1.637277795,0,0,0,1,6,0,0,2,4,15,0,0,0,1,2,0,0,08/05/2017 20:00,0,0,0.071877308,0,0,0,0,1,0,0,0,0,2,0,0,0,0,0,0,0,2.280455107,0.071877308,2.280455107,0.071877308,0.643177312,0,2016,EPL
Southampton -- Arsenal,0.060154799,0,1.183250394,0,0.00918433,0,0,2,0,1,1,0,12,0,1,0,0,0,0,0,10/05/2017 19:45,0,0.1185045,1.145597863,0,0.0961859,0,1,2,0,1,0,3,6,0,2,0,0,2,0,0,1.252589523,1.360288263,1.252589523,1.360288263,0.069339129,0.2146904,2016,EPL
Everton -- Watford,0,0.182138897,0.947702691,0,0,0,1,5,0,0,0,4,11,0,0,0,0,1,0,0,12/05/2017 19:45,0,0.308475303,1.243448101,0,0,0,0,2,0,0,0,5,9,0,0,0,0,0,0,0,1.129841588,1.551923404,1.129841588,1.551923404,0.182138897,0.308475303,2016,EPL
West Bromwich Albion -- Chelsea,0,0.070858099,0.358042799,0,0.100254498,0,1,1,0,0,0,1,4,0,2,0,0,0,0,0,12/05/2017 20:00,0,0.103225,1.493360318,0,0.172955699,0,1,4,0,0,0,3,18,0,3,0,0,1,0,0,0.529155396,1.769541018,0.529155396,1.769541018,0.171112597,0.276180699,2016,EPL
Manchester City -- Leicester,0,0.477538407,0.749088898,0.761132002,0,0,0,4,1,0,0,3,13,1,0,0,0,1,1,0,13/05/2017 12:30,0,0.459122002,0.404738903,0.761169016,0,0,0,4,0,0,0,1,7,1,0,0,0,1,0,0,1.987759307,1.625029922,1.226627305,0.863860905,0.477538407,0.459122002,2016,EPL
Bournemouth -- Burnley,0,0.068384999,1.481514778,0,0,0,2,4,0,0,0,3,15,0,0,0,0,2,0,0,13/05/2017 15:00,0.043142501,0.115156002,0.964933585,0,0.0362163,0,0,3,0,0,1,1,11,0,1,0,0,1,0,0,1.549899777,1.159448389,1.549899777,1.159448389,0.068384999,0.194514804,2016,EPL
Middlesbrough -- Southampton,0.072984397,0.518194602,0.701384202,0,0.03628671,0,1,0,0,2,1,3,8,0,2,0,1,0,0,0,13/05/2017 15:00,0.189433899,0.025505999,0.484692898,0.761169016,0.065561599,1,0,2,0,1,3,1,7,1,2,0,0,2,0,0,1.328849911,1.526363411,1.328849911,0.765194395,0.627465709,0.280501497,2016,EPL
Sunderland -- Swansea,0.107607305,0.142833199,0.304374093,0,0.507767022,1,1,2,0,0,2,3,7,0,1,0,0,0,0,0,13/05/2017 15:00,0.0508729,0,0.060426001,0,0.232796997,1,0,1,0,1,1,0,1,0,1,0,0,1,0,1,1.062581619,0.344095897,1.062581619,0.344095897,0.758207526,0.283669896,2016,EPL
Stoke -- Arsenal,0.066499203,0.139083602,1.096807012,0,0,0,1,3,0,0,1,2,7,0,0,0,0,1,0,0,13/05/2017 17:30,0,0.073053701,2.563340411,0,0,0,1,5,0,0,0,2,8,0,0,0,0,4,0,0,1.302389817,2.636394111,1.302389817,2.636394111,0.205582805,0.073053701,2016,EPL
Crystal Palace -- Hull,0.052826099,0.584098503,1.313628219,0.761169016,0.0210227,0,1,2,1,0,1,2,7,1,1,0,1,2,1,0,14/05/2017 12:00,0,0.059465301,0.458682191,0,0,0,0,0,0,0,0,2,7,0,0,0,0,0,0,0,2.732744537,0.518147492,1.971575521,0.518147492,0.657947302,0.059465301,2016,EPL
West Ham -- Liverpool,0.040071402,1.157205928,0.128939399,0,0.04027094,0,0,1,0,2,1,3,3,0,3,0,0,0,0,0,14/05/2017 14:15,0.052313101,0.713051293,2.709255986,0,0,0,0,11,0,0,1,4,21,0,0,0,0,4,0,0,1.36648767,3.47462038,1.36648767,3.47462038,1.23754827,0.765364394,2016,EPL
Tottenham -- Manchester United,0,0.765552584,0.697865512,0,0.653689884,0,1,4,0,1,0,3,9,0,2,0,1,0,0,1,14/05/2017 16:30,0,0.0445696,0.954654388,0,0.037740398,0,0,2,0,0,0,1,6,0,1,0,0,1,0,0,2.11710798,1.036964386,2.11710798,1.036964386,1.419242468,0.082309999,2016,EPL
Chelsea -- Watford,0,1.387395401,1.265752399,0,0,0,3,6,0,0,0,8,16,0,0,0,3,1,0,0,15/05/2017 20:00,0,0.061630402,0.82263014,0,0,0,0,3,0,0,0,2,7,0,0,0,0,3,0,0,2.6531478,0.884260542,2.6531478,0.884260542,1.387395401,0.061630402,2016,EPL
Arsenal -- Sunderland,0.068092801,2.118710094,1.704798203,0,0.01853521,0,6,7,0,0,1,10,23,0,2,0,2,0,0,0,16/05/2017 19:45,0,0,0.272418099,0,0,0,0,2,0,0,0,0,6,0,0,0,0,0,0,0,3.910136308,0.272418099,3.910136308,0.272418099,2.205338105,0,2016,EPL
Manchester City -- West Bromwich Albion,0.054116301,0.141246403,2.389078963,0,0,1,0,9,0,0,1,2,18,0,0,0,0,3,0,0,16/05/2017 20:00,0,0,0.387740314,0,0,0,0,2,0,0,0,0,5,0,0,0,0,1,0,0,2.584441666,0.387740314,2.584441666,0.387740314,0.195362704,0,2016,EPL
Southampton -- Manchester United,0.146068104,0.185860101,0.398581401,0.761169016,0.176144302,1,0,3,1,1,2,3,9,1,2,0,0,0,0,0,17/05/2017 19:45,0,0.020034401,0.439248399,0,0,0,0,1,0,0,0,1,10,0,0,0,0,0,0,0,1.667822924,0.4592828,0.906653907,0.4592828,0.508072507,0.020034401,2016,EPL
Leicester -- Tottenham,0,0,0.477241798,0,0.250644906,0,0,3,0,2,0,0,8,0,4,0,0,1,0,0,18/05/2017 19:45,0.122783003,0.054899799,2.525431486,0,0.0110842,0,1,11,0,0,3,2,20,0,1,0,0,6,0,0,0.727886705,2.714198488,0.727886705,2.714198488,0.250644906,0.188767002,2016,EPL
Arsenal -- Everton,0.112962201,0.0128016,3.233674044,0,0,1,0,8,0,0,2,1,14,0,0,0,0,3,0,0,21/05/2017 15:00,0,0.065899299,1.084362002,0.761169016,0,0,0,6,1,0,0,2,19,1,0,0,0,0,1,0,3.359437845,1.911430318,3.359437845,1.150261302,0.125763801,0.065899299,2016,EPL
Burnley -- West Ham,0.117139701,0.497429393,1.093450587,0,0,0,0,1,0,0,2,2,5,0,0,0,0,1,0,0,21/05/2017 15:00,0.057079699,0,1.670733195,0,0,0,0,4,0,0,1,0,13,0,0,0,0,2,0,0,1.708019681,1.727812894,1.708019681,1.727812894,0.614569094,0.057079699,2016,EPL
Chelsea -- Sunderland,0.054174699,0.312032897,1.984495215,0,0.396152794,0,1,6,0,1,1,5,19,0,3,0,0,4,0,1,21/05/2017 15:00,0.0480267,0.130679995,0.056455101,0,0.459307201,0,1,0,0,2,1,1,3,0,2,0,0,0,0,1,2.746855605,0.694468996,2.746855605,0.694468996,0.76236039,0.638013896,2016,EPL
Hull -- Tottenham,0,0.0188032,0.793919287,0,0,0,1,3,0,0,0,1,9,0,0,0,0,1,0,0,21/05/2017 15:00,0,0.0682429,3.344019795,0,0.478009293,0,1,11,0,2,0,1,15,0,3,0,0,5,0,2,0.812722486,3.890271988,0.812722486,3.890271988,0.0188032,0.546252193,2016,EPL
Leicester -- Bournemouth,0,0.047792401,1.977618698,0,0.441648912,0,0,4,0,0,0,2,16,0,2,0,0,1,0,0,21/05/2017 15:00,0.205837499,0,0.697729297,0,0.0150488,0,0,4,0,0,4,0,5,0,1,0,0,1,0,0,2.467060011,0.918615596,2.467060011,0.918615596,0.489441313,0.220886299,2016,EPL
Liverpool -- Middlesbrough,0.046932202,0,2.045188601,0,0.083340202,1,0,9,0,0,1,0,22,0,2,1,0,2,0,0,21/05/2017 15:00,0.0468482,0,0.783291607,0,0.069552502,0,0,2,0,1,1,0,6,0,2,0,0,0,0,0,2.175461004,0.899692309,2.175461004,0.899692309,0.130272403,0.116400702,2016,EPL
Manchester United -- Crystal Palace,0,0.0165719,1.022031082,0,0,0,0,2,0,0,0,1,8,0,0,0,0,2,0,0,21/05/2017 15:00,0.1242855,0.048389699,0.128924303,0,0,1,0,0,0,0,2,2,2,0,0,0,0,0,0,0,1.038602982,0.301599503,1.038602982,0.301599503,0.0165719,0.1726752,2016,EPL
Southampton -- Stoke,0.156635001,0.263616603,0.803640602,0,0.150323501,0,1,4,0,1,1,3,8,0,3,0,0,0,0,0,21/05/2017 15:00,0,0.3176765,0.665786996,0,0,0,0,2,0,0,0,7,7,0,0,0,0,1,0,0,1.374215707,0.983463497,1.374215707,0.983463497,0.570575105,0.3176765,2016,EPL
Swansea -- West Bromwich Albion,0,0.627110787,0.638132504,0,0.480307013,0,0,1,0,1,0,4,7,0,1,0,0,1,0,1,21/05/2017 15:00,0.045141201,0.222654,1.267409584,0,0.071533799,1,1,2,0,1,2,1,12,0,1,0,1,0,0,0,1.745550304,1.606738584,1.745550304,1.606738584,1.1074178,0.339329001,2016,EPL
Watford -- Manchester City,0,0.121008899,0.705115216,0,0,0,0,2,0,0,0,2,4,0,0,0,0,0,0,0,21/05/2017 15:00,0.0864553,0.077134,3.102548501,0,0,0,1,7,0,0,1,2,12,0,0,0,1,4,0,0,0.826124115,3.266137801,0.826124115,3.266137801,0.121008899,0.163589301,2016,EPL
